date,account_name,campaign_id,campaign_name,country_code,impressions,clicks,cost_micros,conversions,conversions_value,currency_code
2026-07-06,Nordkraft EU,11482093771,NK | Search | Brand,DE,3904,416,121724753,40.85,2433.12,EUR
2026-07-06,Nordkraft EU,11482093772,NK | Search | Brand,NL,1324,144,43792976,11.64,755.94,EUR
2026-07-06,Nordkraft EU,11482093815,NK | Search | Generic DE,DE,10144,439,202740054,10.36,737.42,EUR
2026-07-06,Nordkraft EU,11482093815,NK | Search | Generic DE,AT,1938,76,30083548,1.58,103.76,EUR
2026-07-06,Nordkraft EU,11482094002,NK | PMax | EU Core,DE,20651,374,96344119,5.15,310.55,EUR
2026-07-06,Nordkraft EU,11482094002,NK | PMax | EU Core,FR,12104,213,47887483,2.67,169.89,EUR
2026-07-06,Aurelia Home,11603388120,AH | Shopping | UK,UK,21231,536,98709992,7.81,762.78,EUR
2026-07-06,Aurelia Home,11603388151,AH | Search | Generic,UK,6830,305,153501322,6.38,597.97,EUR
2026-07-06,Aurelia Home,11603388151,AH | Search | Generic,IE,1494,62,28571666,1.27,109.21,EUR
2026-07-06,Volt & Co,11771205433,VC | PMax | US,US,26512,591,185667896,8.26,449.05,EUR
2026-07-06,Volt & Co,11771205477,VC | Search | Brand US,US,4207,567,124182614,51.42,2793.08,EUR
2026-07-07,Nordkraft EU,11482093771,NK | Search | Brand,DE,3589,405,123571581,32.61,2646.8,EUR
2026-07-07,Nordkraft EU,11482093772,NK | Search | Brand,NL,1276,135,42258673,11.64,885.22,EUR
2026-07-07,Nordkraft EU,11482093815,NK | Search | Generic DE,DE,10093,404,180684593,9.28,618.97,EUR
2026-07-07,Nordkraft EU,11482093815,NK | Search | Generic DE,AT,1863,65,25793937,1.3,87.02,EUR
2026-07-07,Nordkraft EU,11482094002,NK | PMax | EU Core,DE,22354,412,99820584,6.16,376.07,EUR
2026-07-07,Nordkraft EU,11482094002,NK | PMax | EU Core,FR,13043,211,45408822,2.43,130.5,EUR
2026-07-07,Aurelia Home,11603388120,AH | Shopping | UK,UK,18621,468,88986659,7.88,757.33,EUR
2026-07-07,Aurelia Home,11603388151,AH | Search | Generic,UK,6586,294,151862499,6.7,490.11,EUR
2026-07-07,Aurelia Home,11603388151,AH | Search | Generic,IE,1220,44,19856289,0.92,71.12,EUR
2026-07-07,Volt & Co,11771205433,VC | PMax | US,US,25170,577,175046504,8.11,397.05,EUR
2026-07-07,Volt & Co,11771205477,VC | Search | Brand US,US,4033,486,114267311,49.91,2353.47,EUR
2026-07-08,Nordkraft EU,11482093771,NK | Search | Brand,DE,3966,464,125288482,34.73,2588.56,EUR
2026-07-08,Nordkraft EU,11482093772,NK | Search | Brand,NL,1435,157,48733813,14.96,1036.74,EUR
2026-07-08,Nordkraft EU,11482093815,NK | Search | Generic DE,DE,8572,356,165921599,8.59,632.9,EUR
2026-07-08,Nordkraft EU,11482093815,NK | Search | Generic DE,AT,2177,91,35493929,1.61,96.41,EUR
2026-07-08,Nordkraft EU,11482094002,NK | PMax | EU Core,DE,20352,349,86952015,4.77,256.31,EUR
2026-07-08,Nordkraft EU,11482094002,NK | PMax | EU Core,FR,11407,198,45750528,2.9,228.45,EUR
2026-07-08,Aurelia Home,11603388120,AH | Shopping | UK,UK,18545,449,74396908,7.4,625.45,EUR
2026-07-08,Aurelia Home,11603388151,AH | Search | Generic,UK,5994,258,135584895,6.63,592.6,EUR
2026-07-08,Aurelia Home,11603388151,AH | Search | Generic,IE,1386,51,22020226,0.97,82.01,EUR
2026-07-08,Volt & Co,11771205433,VC | PMax | US,US,30270,641,210426810,7.88,375.1,EUR
2026-07-08,Volt & Co,11771205477,VC | Search | Brand US,US,3760,460,124498984,39.33,2429.78,EUR
2026-07-09,Nordkraft EU,11482093771,NK | Search | Brand,DE,3514,430,123180886,37.61,2771.8,EUR
2026-07-09,Nordkraft EU,11482093772,NK | Search | Brand,NL,1421,158,47642895,11.07,685.53,EUR
2026-07-09,Nordkraft EU,11482093815,NK | Search | Generic DE,DE,9609,438,203414107,9.08,635.09,EUR
2026-07-09,Nordkraft EU,11482093815,NK | Search | Generic DE,AT,2362,91,37277662,1.94,133.53,EUR
2026-07-09,Nordkraft EU,11482094002,NK | PMax | EU Core,DE,24060,463,102956220,5.51,404.44,EUR
2026-07-09,Nordkraft EU,11482094002,NK | PMax | EU Core,FR,14534,244,52445830,3.4,184.44,EUR
2026-07-09,Aurelia Home,11603388120,AH | Shopping | UK,UK,16475,448,83104673,7.16,647.95,EUR
2026-07-09,Aurelia Home,11603388151,AH | Search | Generic,UK,6431,318,169456031,7.83,547.77,EUR
2026-07-09,Aurelia Home,11603388151,AH | Search | Generic,IE,1403,53,23579604,0.96,78.87,EUR
2026-07-09,Volt & Co,11771205433,VC | PMax | US,US,28329,540,167707663,6.65,347.33,EUR
2026-07-09,Volt & Co,11771205477,VC | Search | Brand US,US,4500,602,156073637,55.63,2950.23,EUR
2026-07-10,Nordkraft EU,11482093771,NK | Search | Brand,DE,3756,439,124222264,34.41,2569.38,EUR
2026-07-10,Nordkraft EU,11482093772,NK | Search | Brand,NL,1544,196,67602225,14.39,992.33,EUR
2026-07-10,Nordkraft EU,11482093815,NK | Search | Generic DE,DE,8234,324,151862266,7.71,486.06,EUR
2026-07-10,Nordkraft EU,11482093815,NK | Search | Generic DE,AT,1994,64,26617652,1.07,66.88,EUR
2026-07-10,Nordkraft EU,11482094002,NK | PMax | EU Core,DE,19513,368,79005446,4.32,330.11,EUR
2026-07-10,Nordkraft EU,11482094002,NK | PMax | EU Core,FR,11149,175,42743270,2.77,149.17,EUR
2026-07-10,Aurelia Home,11603388120,AH | Shopping | UK,UK,17362,462,96884705,6.59,591.41,EUR
2026-07-10,Aurelia Home,11603388151,AH | Search | Generic,UK,6692,310,160591853,7.03,533.58,EUR
2026-07-10,Aurelia Home,11603388151,AH | Search | Generic,IE,1382,54,26281071,1.01,89.9,EUR
2026-07-10,Volt & Co,11771205433,VC | PMax | US,US,28619,608,192457943,7.95,429.3,EUR
2026-07-10,Volt & Co,11771205477,VC | Search | Brand US,US,3867,510,121685527,58.98,3890.8,EUR
2026-07-11,Nordkraft EU,11482093771,NK | Search | Brand,DE,3260,355,92765578,35.73,2713.49,EUR
2026-07-11,Nordkraft EU,11482093772,NK | Search | Brand,NL,1297,123,40251794,10.46,660.19,EUR
2026-07-11,Nordkraft EU,11482093815,NK | Search | Generic DE,DE,7462,312,143971802,6.34,426.66,EUR
2026-07-11,Nordkraft EU,11482093815,NK | Search | Generic DE,AT,1701,65,29710304,0.89,57.35,EUR
2026-07-11,Nordkraft EU,11482094002,NK | PMax | EU Core,DE,17686,343,80483039,3.87,251.81,EUR
2026-07-11,Nordkraft EU,11482094002,NK | PMax | EU Core,FR,11974,182,42115260,2.11,127.92,EUR
2026-07-11,Aurelia Home,11603388120,AH | Shopping | UK,UK,13358,339,69434152,5.77,622.8,EUR
2026-07-11,Aurelia Home,11603388151,AH | Search | Generic,UK,5685,264,154560679,6.37,606.97,EUR
2026-07-11,Aurelia Home,11603388151,AH | Search | Generic,IE,1130,45,20696139,1.0,74.98,EUR
2026-07-11,Volt & Co,11771205433,VC | PMax | US,US,23072,478,158593324,6.73,429.59,EUR
2026-07-11,Volt & Co,11771205477,VC | Search | Brand US,US,3623,416,99438924,34.06,1840.8,EUR
2026-07-12,Nordkraft EU,11482093771,NK | Search | Brand,DE,3587,431,115619185,34.08,2530.19,EUR
2026-07-12,Nordkraft EU,11482093772,NK | Search | Brand,NL,1110,114,36001585,10.41,784.1,EUR
2026-07-12,Nordkraft EU,11482093815,NK | Search | Generic DE,DE,6199,260,120116913,5.71,451.03,EUR
2026-07-12,Nordkraft EU,11482093815,NK | Search | Generic DE,AT,1421,52,22614324,0.82,62.11,EUR
2026-07-12,Nordkraft EU,11482094002,NK | PMax | EU Core,DE,18026,363,84135563,5.54,386.31,EUR
2026-07-12,Nordkraft EU,11482094002,NK | PMax | EU Core,FR,10603,183,40913041,1.99,119.6,EUR
2026-07-12,Aurelia Home,11603388120,AH | Shopping | UK,UK,14586,389,78343821,5.5,499.67,EUR
2026-07-12,Aurelia Home,11603388151,AH | Search | Generic,UK,5838,249,125459260,5.85,558.27,EUR
2026-07-12,Aurelia Home,11603388151,AH | Search | Generic,IE,1164,51,25738459,1.11,99.58,EUR
2026-07-12,Volt & Co,11771205433,VC | PMax | US,US,26127,541,147549357,8.27,426.14,EUR
2026-07-12,Volt & Co,11771205477,VC | Search | Brand US,US,3439,484,104992892,39.23,1878.05,EUR
2026-07-13,Nordkraft EU,11482093771,NK | Search | Brand,DE,3583,425,122742701,38.97,2476.37,EUR
2026-07-13,Nordkraft EU,11482093772,NK | Search | Brand,NL,1206,131,39460471,11.15,847.22,EUR
2026-07-13,Nordkraft EU,11482093815,NK | Search | Generic DE,DE,9664,417,194458040,9.27,585.94,EUR
2026-07-13,Nordkraft EU,11482093815,NK | Search | Generic DE,AT,2098,81,35694863,1.47,102.08,EUR
2026-07-13,Nordkraft EU,11482094002,NK | PMax | EU Core,DE,20813,392,98762469,4.28,234.68,EUR
2026-07-13,Nordkraft EU,11482094002,NK | PMax | EU Core,FR,10999,156,32923318,2.03,120.3,EUR
2026-07-13,Aurelia Home,11603388120,AH | Shopping | UK,UK,18396,515,105644845,8.18,854.43,EUR
2026-07-13,Aurelia Home,11603388151,AH | Search | Generic,UK,6348,269,137485381,5.18,415.36,EUR
2026-07-13,Aurelia Home,11603388151,AH | Search | Generic,IE,1376,58,30714374,0.98,86.57,EUR
2026-07-13,Volt & Co,11771205433,VC | PMax | US,US,23928,519,159624568,5.39,318.08,EUR
2026-07-13,Volt & Co,11771205477,VC | Search | Brand US,US,3936,489,109827231,42.66,2535.67,EUR
2026-07-14,Nordkraft EU,11482093771,NK | Search | Brand,DE,3801,447,127877888,45.56,3255.87,EUR
2026-07-14,Nordkraft EU,11482093772,NK | Search | Brand,NL,1324,154,46790485,14.0,1032.11,EUR
2026-07-14,Nordkraft EU,11482093815,NK | Search | Generic DE,DE,9453,397,203997635,10.24,701.15,EUR
2026-07-14,Nordkraft EU,11482093815,NK | Search | Generic DE,AT,2168,89,35483351,1.75,115.2,EUR
2026-07-14,Nordkraft EU,11482094002,NK | PMax | EU Core,DE,21973,393,85324320,4.25,237.83,EUR
2026-07-14,Nordkraft EU,11482094002,NK | PMax | EU Core,FR,12195,203,49851005,2.73,150.51,EUR
2026-07-14,Aurelia Home,11603388120,AH | Shopping | UK,UK,18680,472,88149895,7.71,753.24,EUR
2026-07-14,Aurelia Home,11603388151,AH | Search | Generic,UK,6116,296,146131164,6.81,754.95,EUR
2026-07-14,Aurelia Home,11603388151,AH | Search | Generic,IE,1453,64,30888690,1.36,114.94,EUR
2026-07-14,Volt & Co,11771205433,VC | PMax | US,US,26052,517,164407864,6.09,350.75,EUR
2026-07-14,Volt & Co,11771205477,VC | Search | Brand US,US,4580,606,142942079,59.81,3303.94,EUR
2026-07-15,Nordkraft EU,11482093771,NK | Search | Brand,DE,4202,421,115506316,29.26,1841.52,EUR
2026-07-15,Nordkraft EU,11482093772,NK | Search | Brand,NL,1717,197,58433681,13.32,665.36,EUR
2026-07-15,Nordkraft EU,11482093815,NK | Search | Generic DE,DE,9117,437,206265226,8.61,612.71,EUR
2026-07-15,Nordkraft EU,11482093815,NK | Search | Generic DE,AT,1841,68,28730465,1.28,91.16,EUR
2026-07-15,Nordkraft EU,11482094002,NK | PMax | EU Core,DE,22080,439,101008386,6.75,494.52,EUR
2026-07-15,Nordkraft EU,11482094002,NK | PMax | EU Core,FR,11634,185,43961985,2.17,150.95,EUR
2026-07-15,Aurelia Home,11603388120,AH | Shopping | UK,UK,17429,499,95557970,8.21,873.51,EUR
2026-07-15,Aurelia Home,11603388151,AH | Search | Generic,UK,6117,257,132544064,6.21,460.91,EUR
2026-07-15,Aurelia Home,11603388151,AH | Search | Generic,IE,1510,58,29757306,0.85,66.57,EUR
2026-07-15,Volt & Co,11771205433,VC | PMax | US,US,22490,445,139999931,5.67,298.42,EUR
2026-07-15,Volt & Co,11771205477,VC | Search | Brand US,US,4121,539,121532147,54.61,3319.04,EUR
2026-07-16,Nordkraft EU,11482093771,NK | Search | Brand,DE,4018,480,136790315,52.28,3835.03,EUR
2026-07-16,Nordkraft EU,11482093772,NK | Search | Brand,NL,1491,152,44201587,10.63,687.65,EUR
2026-07-16,Nordkraft EU,11482093815,NK | Search | Generic DE,DE,9546,401,185026020,7.71,571.47,EUR
2026-07-16,Nordkraft EU,11482093815,NK | Search | Generic DE,AT,2289,86,34705000,1.73,116.33,EUR
2026-07-16,Nordkraft EU,11482094002,NK | PMax | EU Core,DE,18665,353,86051980,4.45,285.67,EUR
2026-07-16,Nordkraft EU,11482094002,NK | PMax | EU Core,FR,11102,206,48713426,2.4,151.72,EUR
2026-07-16,Aurelia Home,11603388120,AH | Shopping | UK,UK,14246,340,63461313,4.8,473.15,EUR
2026-07-16,Aurelia Home,11603388151,AH | Search | Generic,UK,7475,309,155540917,7.29,744.88,EUR
2026-07-16,Aurelia Home,11603388151,AH | Search | Generic,IE,1273,52,27687577,0.85,62.99,EUR
2026-07-16,Volt & Co,11771205433,VC | PMax | US,US,25559,517,168084137,6.9,306.46,EUR
2026-07-16,Volt & Co,11771205477,VC | Search | Brand US,US,4385,543,140285158,47.52,2536.2,EUR
2026-07-17,Nordkraft EU,11482093771,NK | Search | Brand,DE,4082,494,142038866,35.81,2792.52,EUR
2026-07-17,Nordkraft EU,11482093772,NK | Search | Brand,NL,1393,153,43378337,13.0,848.55,EUR
2026-07-17,Nordkraft EU,11482093815,NK | Search | Generic DE,DE,8516,367,171267666,7.19,559.87,EUR
2026-07-17,Nordkraft EU,11482093815,NK | Search | Generic DE,AT,2066,79,33715353,1.4,96.75,EUR
2026-07-17,Nordkraft EU,11482094002,NK | PMax | EU Core,DE,20476,378,98137136,4.69,224.18,EUR
2026-07-17,Nordkraft EU,11482094002,NK | PMax | EU Core,FR,14659,294,63107231,2.78,164.31,EUR
2026-07-17,Aurelia Home,11603388120,AH | Shopping | UK,UK,17761,456,80852164,7.76,751.37,EUR
2026-07-17,Aurelia Home,11603388151,AH | Search | Generic,UK,5496,259,154176324,6.07,516.14,EUR
2026-07-17,Aurelia Home,11603388151,AH | Search | Generic,IE,1416,59,25379243,1.2,98.02,EUR
2026-07-17,Volt & Co,11771205433,VC | PMax | US,US,31058,644,219618625,7.36,420.78,EUR
2026-07-17,Volt & Co,11771205477,VC | Search | Brand US,US,4320,523,126856006,55.72,3073.2,EUR
2026-07-18,Nordkraft EU,11482093771,NK | Search | Brand,DE,2711,311,82365020,26.64,1955.28,EUR
2026-07-18,Nordkraft EU,11482093772,NK | Search | Brand,NL,1069,102,32534577,7.79,411.24,EUR
2026-07-18,Nordkraft EU,11482093815,NK | Search | Generic DE,DE,8470,354,155865157,6.36,468.63,EUR
2026-07-18,Nordkraft EU,11482093815,NK | Search | Generic DE,AT,1823,81,34877689,1.6,103.84,EUR
2026-07-18,Nordkraft EU,11482094002,NK | PMax | EU Core,DE,18974,376,97017340,4.96,298.87,EUR
2026-07-18,Nordkraft EU,11482094002,NK | PMax | EU Core,FR,10067,181,43399916,2.06,120.32,EUR
2026-07-18,Aurelia Home,11603388120,AH | Shopping | UK,UK,15405,394,79136244,4.74,400.03,EUR
2026-07-18,Aurelia Home,11603388151,AH | Search | Generic,UK,4851,183,91382202,3.79,326.81,EUR
2026-07-18,Aurelia Home,11603388151,AH | Search | Generic,IE,1296,51,22965941,1.01,94.86,EUR
2026-07-18,Volt & Co,11771205433,VC | PMax | US,US,19961,392,125592492,4.97,285.76,EUR
2026-07-18,Volt & Co,11771205477,VC | Search | Brand US,US,3447,466,104894212,43.75,2441.21,EUR
2026-07-19,Nordkraft EU,11482093771,NK | Search | Brand,DE,2854,292,85124010,24.98,1659.55,EUR
2026-07-19,Nordkraft EU,11482093772,NK | Search | Brand,NL,1254,146,39066428,9.88,636.74,EUR
2026-07-19,Nordkraft EU,11482093815,NK | Search | Generic DE,DE,8971,375,180441733,6.89,416.07,EUR
2026-07-19,Nordkraft EU,11482093815,NK | Search | Generic DE,AT,1843,70,30367975,1.3,88.19,EUR
2026-07-19,Nordkraft EU,11482094002,NK | PMax | EU Core,DE,17965,360,90583531,4.14,202.21,EUR
2026-07-19,Nordkraft EU,11482094002,NK | PMax | EU Core,FR,11494,212,43783889,2.02,124.44,EUR
2026-07-19,Aurelia Home,11603388120,AH | Shopping | UK,UK,16271,476,93241637,7.3,611.62,EUR
2026-07-19,Aurelia Home,11603388151,AH | Search | Generic,UK,5235,231,114973514,6.51,675.15,EUR
2026-07-19,Aurelia Home,11603388151,AH | Search | Generic,IE,1302,49,24726603,1.05,93.2,EUR
2026-07-19,Volt & Co,11771205433,VC | PMax | US,US,24396,535,173213882,7.44,415.45,EUR
2026-07-19,Volt & Co,11771205477,VC | Search | Brand US,US,2903,377,87460545,30.45,2027.55,EUR
2026-07-20,Nordkraft EU,11482093771,NK | Search | Brand,DE,4527,570,162043924,58.27,4317.18,EUR
2026-07-20,Nordkraft EU,11482093772,NK | Search | Brand,NL,1574,157,49829294,12.8,790.41,EUR
2026-07-20,Nordkraft EU,11482093815,NK | Search | Generic DE,DE,9645,393,200277786,9.06,616.79,EUR
2026-07-20,Nordkraft EU,11482093815,NK | Search | Generic DE,AT,2213,84,34850472,1.41,91.65,EUR
2026-07-20,Nordkraft EU,11482094002,NK | PMax | EU Core,DE,20193,350,86576558,5.11,264.41,EUR
2026-07-20,Nordkraft EU,11482094002,NK | PMax | EU Core,FR,12743,232,54283767,3.1,189.84,EUR
2026-07-20,Aurelia Home,11603388120,AH | Shopping | UK,UK,16953,407,78928898,6.78,704.06,EUR
2026-07-20,Aurelia Home,11603388151,AH | Search | Generic,UK,7024,313,153505921,6.95,624.89,EUR
2026-07-20,Aurelia Home,11603388151,AH | Search | Generic,IE,1417,54,26313286,1.02,81.25,EUR
2026-07-20,Volt & Co,11771205433,VC | PMax | US,US,27552,562,176771672,7.53,360.29,EUR
2026-07-20,Volt & Co,11771205477,VC | Search | Brand US,US,4043,574,128154716,41.39,1919.98,EUR
2026-07-21,Nordkraft EU,11482093771,NK | Search | Brand,DE,3936,454,126222958,45.8,2483.32,EUR
2026-07-21,Nordkraft EU,11482093772,NK | Search | Brand,NL,1605,192,55492469,14.9,978.25,EUR
2026-07-21,Nordkraft EU,11482093815,NK | Search | Generic DE,DE,8929,358,178784697,9.04,594.07,EUR
2026-07-21,Nordkraft EU,11482093815,NK | Search | Generic DE,AT,2541,97,45026722,1.82,121.69,EUR
2026-07-21,Nordkraft EU,11482094002,NK | PMax | EU Core,DE,22407,520,131174426,6.71,463.69,EUR
2026-07-21,Nordkraft EU,11482094002,NK | PMax | EU Core,FR,12492,205,47558675,2.47,154.87,EUR
2026-07-21,Aurelia Home,11603388120,AH | Shopping | UK,UK,18411,490,95473860,6.17,605.48,EUR
2026-07-21,Aurelia Home,11603388151,AH | Search | Generic,UK,5839,236,124641635,5.48,448.8,EUR
2026-07-21,Aurelia Home,11603388151,AH | Search | Generic,IE,1554,56,26223681,1.05,88.83,EUR
2026-07-21,Volt & Co,11771205433,VC | PMax | US,US,27532,537,173704280,7.03,307.8,EUR
2026-07-21,Volt & Co,11771205477,VC | Search | Brand US,US,3489,450,106568132,41.82,2377.07,EUR
2026-07-22,Nordkraft EU,11482093771,NK | Search | Brand,DE,4014,492,128576051,38.14,2513.78,EUR
2026-07-22,Nordkraft EU,11482093772,NK | Search | Brand,NL,1593,187,56469715,10.98,646.74,EUR
2026-07-22,Nordkraft EU,11482093815,NK | Search | Generic DE,DE,9001,355,159298608,7.49,493.44,EUR
2026-07-22,Nordkraft EU,11482093815,NK | Search | Generic DE,AT,2379,86,34251185,1.72,96.09,EUR
2026-07-22,Nordkraft EU,11482094002,NK | PMax | EU Core,DE,22502,431,102524913,7.09,418.88,EUR
2026-07-22,Nordkraft EU,11482094002,NK | PMax | EU Core,FR,15339,257,52207849,3.11,169.29,EUR
2026-07-22,Aurelia Home,11603388120,AH | Shopping | UK,UK,17180,459,90117139,6.84,691.42,EUR
2026-07-22,Aurelia Home,11603388151,AH | Search | Generic,UK,7087,351,191939207,9.28,663.05,EUR
2026-07-22,Aurelia Home,11603388151,AH | Search | Generic,IE,1408,53,25621986,0.99,82.75,EUR
2026-07-22,Volt & Co,11771205433,VC | PMax | US,US,31475,653,207455839,8.27,449.96,EUR
2026-07-22,Volt & Co,11771205477,VC | Search | Brand US,US,4247,565,145080942,62.73,3686.32,EUR
2026-07-23,Nordkraft EU,11482093771,NK | Search | Brand,DE,4151,439,122271891,43.11,3466.4,EUR
2026-07-23,Nordkraft EU,11482093772,NK | Search | Brand,NL,1586,182,58081343,16.69,1219.28,EUR
2026-07-23,Nordkraft EU,11482093815,NK | Search | Generic DE,DE,9439,396,150129776,8.67,374.46,EUR
2026-07-23,Nordkraft EU,11482093815,NK | Search | Generic DE,AT,1841,72,31106429,1.19,72.95,EUR
2026-07-23,Nordkraft EU,11482094002,NK | PMax | EU Core,DE,24473,449,122261826,6.28,411.78,EUR
2026-07-23,Nordkraft EU,11482094002,NK | PMax | EU Core,FR,14855,255,52726110,3.02,183.56,EUR
2026-07-23,Aurelia Home,11603388120,AH | Shopping | UK,UK,16198,414,75157150,7.3,673.92,EUR
2026-07-23,Aurelia Home,11603388151,AH | Search | Generic,UK,6268,280,150386678,6.88,544.91,EUR
2026-07-23,Aurelia Home,11603388151,AH | Search | Generic,IE,1316,57,26683108,0.96,85.22,EUR
2026-07-23,Volt & Co,11771205433,VC | PMax | US,US,28097,527,165619426,7.41,415.12,EUR
2026-07-23,Volt & Co,11771205477,VC | Search | Brand US,US,4495,523,128013130,47.53,2578.41,EUR
2026-07-24,Nordkraft EU,11482093771,NK | Search | Brand,DE,4260,541,167788671,55.11,4033.39,EUR
2026-07-24,Nordkraft EU,11482093772,NK | Search | Brand,NL,1609,183,57142466,15.04,1155.8,EUR
2026-07-24,Nordkraft EU,11482093815,NK | Search | Generic DE,DE,9720,378,169555885,8.49,577.49,EUR
2026-07-24,Nordkraft EU,11482093815,NK | Search | Generic DE,AT,2250,90,36949860,1.85,126.73,EUR
2026-07-24,Nordkraft EU,11482094002,NK | PMax | EU Core,DE,19405,406,94512446,4.65,262.34,EUR
2026-07-24,Nordkraft EU,11482094002,NK | PMax | EU Core,FR,11801,201,43493420,2.32,150.29,EUR
2026-07-24,Aurelia Home,11603388120,AH | Shopping | UK,UK,19071,507,98698727,8.66,628.78,EUR
2026-07-24,Aurelia Home,11603388151,AH | Search | Generic,UK,6234,238,126412916,5.47,531.69,EUR
2026-07-24,Aurelia Home,11603388151,AH | Search | Generic,IE,1611,65,30263324,1.37,110.3,EUR
2026-07-24,Volt & Co,11771205433,VC | PMax | US,US,27026,607,181872650,8.59,495.28,EUR
2026-07-24,Volt & Co,11771205477,VC | Search | Brand US,US,3896,537,134281874,51.04,2687.5,EUR
2026-07-25,Nordkraft EU,11482093771,NK | Search | Brand,DE,2995,331,95697259,26.36,2035.98,EUR
2026-07-25,Nordkraft EU,11482093772,NK | Search | Brand,NL,1138,121,37756773,12.44,761.59,EUR
2026-07-25,Nordkraft EU,11482093815,NK | Search | Generic DE,DE,9094,377,177698326,8.02,569.61,EUR
2026-07-25,Nordkraft EU,11482093815,NK | Search | Generic DE,AT,1769,74,30228773,1.58,97.56,EUR
2026-07-25,Nordkraft EU,11482094002,NK | PMax | EU Core,DE,17843,314,77417435,5.09,318.19,EUR
2026-07-25,Nordkraft EU,11482094002,NK | PMax | EU Core,FR,10489,164,35583627,1.62,89.8,EUR
2026-07-25,Aurelia Home,11603388120,AH | Shopping | UK,UK,15516,441,97913027,6.6,694.35,EUR
2026-07-25,Aurelia Home,11603388151,AH | Search | Generic,UK,5413,241,131045317,5.58,496.46,EUR
2026-07-25,Aurelia Home,11603388151,AH | Search | Generic,IE,1152,42,18292831,0.9,74.38,EUR
2026-07-25,Volt & Co,11771205433,VC | PMax | US,US,21020,442,143555297,5.86,295.68,EUR
2026-07-25,Volt & Co,11771205477,VC | Search | Brand US,US,3889,557,137646740,57.97,3714.67,EUR
2026-07-26,Nordkraft EU,11482093771,NK | Search | Brand,DE,3584,430,124722459,40.46,2665.49,EUR
2026-07-26,Nordkraft EU,11482093772,NK | Search | Brand,NL,1365,133,39264320,12.32,948.22,EUR
2026-07-26,Nordkraft EU,11482093815,NK | Search | Generic DE,DE,9124,367,157148641,7.5,515.2,EUR
2026-07-26,Nordkraft EU,11482093815,NK | Search | Generic DE,AT,1811,74,30406303,1.46,86.83,EUR
2026-07-26,Nordkraft EU,11482094002,NK | PMax | EU Core,DE,18706,355,81366954,4.84,299.3,EUR
2026-07-26,Nordkraft EU,11482094002,NK | PMax | EU Core,FR,10441,200,43740103,2.34,112.8,EUR
2026-07-26,Aurelia Home,11603388120,AH | Shopping | UK,UK,14012,358,65220898,6.6,597.18,EUR
2026-07-26,Aurelia Home,11603388151,AH | Search | Generic,UK,5923,268,142357271,6.1,537.0,EUR
2026-07-26,Aurelia Home,11603388151,AH | Search | Generic,IE,1384,46,19428352,0.87,74.06,EUR
2026-07-26,Volt & Co,11771205433,VC | PMax | US,US,23641,513,155363602,7.42,441.96,EUR
2026-07-26,Volt & Co,11771205477,VC | Search | Brand US,US,3568,491,119767711,43.3,2640.33,EUR
2026-07-27,Nordkraft EU,11482093771,NK | Search | Brand,DE,4015,462,140792476,30.03,1907.18,EUR
2026-07-27,Nordkraft EU,11482093772,NK | Search | Brand,NL,1402,148,45179115,10.0,640.05,EUR
2026-07-27,Nordkraft EU,11482093815,NK | Search | Generic DE,DE,9072,436,222241442,8.74,572.71,EUR
2026-07-27,Nordkraft EU,11482093815,NK | Search | Generic DE,AT,1970,65,27108550,1.1,71.98,EUR
2026-07-27,Nordkraft EU,11482094002,NK | PMax | EU Core,DE,18806,338,81843398,4.92,322.9,EUR
2026-07-27,Nordkraft EU,11482094002,NK | PMax | EU Core,FR,11523,208,43562939,2.67,162.7,EUR
2026-07-27,Aurelia Home,11603388120,AH | Shopping | UK,UK,16316,415,80578536,7.09,643.08,EUR
2026-07-27,Aurelia Home,11603388151,AH | Search | Generic,UK,7381,356,185774470,8.86,930.45,EUR
2026-07-27,Aurelia Home,11603388151,AH | Search | Generic,IE,1723,63,28558898,1.47,111.73,EUR
2026-07-27,Volt & Co,11771205433,VC | PMax | US,US,23963,486,154458681,6.25,315.54,EUR
2026-07-27,Volt & Co,11771205477,VC | Search | Brand US,US,4029,494,112303520,58.09,3409.64,EUR
2026-07-28,Nordkraft EU,11482093771,NK | Search | Brand,DE,4302,478,132346693,39.2,2131.59,EUR
2026-07-28,Nordkraft EU,11482093772,NK | Search | Brand,NL,1378,130,34860023,9.15,735.73,EUR
2026-07-28,Nordkraft EU,11482093815,NK | Search | Generic DE,DE,9816,439,206919629,10.01,619.36,EUR
2026-07-28,Nordkraft EU,11482093815,NK | Search | Generic DE,AT,2305,92,37303101,1.86,129.71,EUR
2026-07-28,Nordkraft EU,11482094002,NK | PMax | EU Core,DE,20927,366,81599170,5.17,336.36,EUR
2026-07-28,Nordkraft EU,11482094002,NK | PMax | EU Core,FR,12170,207,47098935,2.65,186.74,EUR
2026-07-28,Aurelia Home,11603388120,AH | Shopping | UK,UK,20806,503,105224020,7.58,770.23,EUR
2026-07-28,Aurelia Home,11603388151,AH | Search | Generic,UK,6540,286,135139359,6.45,479.09,EUR
2026-07-28,Aurelia Home,11603388151,AH | Search | Generic,IE,1596,71,32450476,1.47,115.89,EUR
2026-07-28,Volt & Co,11771205433,VC | PMax | US,US,25717,569,175982134,8.81,452.8,EUR
2026-07-28,Volt & Co,11771205477,VC | Search | Brand US,US,4685,608,152887196,54.34,3082.03,EUR
2026-07-29,Nordkraft EU,11482093771,NK | Search | Brand,DE,3951,428,124600631,40.82,3199.97,EUR
2026-07-29,Nordkraft EU,11482093772,NK | Search | Brand,NL,1794,213,64544544,17.96,1195.64,EUR
2026-07-29,Nordkraft EU,11482093815,NK | Search | Generic DE,DE,9896,389,196333723,8.5,565.4,EUR
2026-07-29,Nordkraft EU,11482093815,NK | Search | Generic DE,AT,2443,79,29170325,1.63,108.23,EUR
2026-07-29,Nordkraft EU,11482094002,NK | PMax | EU Core,DE,22560,389,93229854,6.65,453.48,EUR
2026-07-29,Nordkraft EU,11482094002,NK | PMax | EU Core,FR,13333,220,47254160,2.02,126.39,EUR
2026-07-29,Aurelia Home,11603388120,AH | Shopping | UK,UK,20124,466,85026289,6.51,541.1,EUR
2026-07-29,Aurelia Home,11603388151,AH | Search | Generic,UK,6545,252,138482518,6.28,538.76,EUR
2026-07-29,Aurelia Home,11603388151,AH | Search | Generic,IE,1142,43,22166826,0.6,49.23,EUR
2026-07-29,Volt & Co,11771205433,VC | PMax | US,US,24415,542,161214041,7.36,419.91,EUR
2026-07-29,Volt & Co,11771205477,VC | Search | Brand US,US,5019,638,156574795,50.18,3200.75,EUR
2026-07-30,Nordkraft EU,11482093771,NK | Search | Brand,DE,3727,412,115206010,30.36,2298.04,EUR
2026-07-30,Nordkraft EU,11482093772,NK | Search | Brand,NL,1717,189,53004390,15.1,1151.65,EUR
2026-07-30,Nordkraft EU,11482093815,NK | Search | Generic DE,DE,8224,312,151068092,6.75,477.91,EUR
2026-07-30,Nordkraft EU,11482093815,NK | Search | Generic DE,AT,2581,101,44094457,2.49,160.83,EUR
2026-07-30,Nordkraft EU,11482094002,NK | PMax | EU Core,DE,20521,402,99021231,5.3,299.43,EUR
2026-07-30,Nordkraft EU,11482094002,NK | PMax | EU Core,FR,15896,276,58052138,3.65,220.22,EUR
2026-07-30,Aurelia Home,11603388120,AH | Shopping | UK,UK,18313,495,86759908,8.23,902.0,EUR
2026-07-30,Aurelia Home,11603388151,AH | Search | Generic,UK,6801,298,153134468,6.54,560.9,EUR
2026-07-30,Aurelia Home,11603388151,AH | Search | Generic,IE,1424,61,26235098,1.34,109.58,EUR
2026-07-30,Volt & Co,11771205433,VC | PMax | US,US,28301,547,183087758,8.09,478.78,EUR
2026-07-30,Volt & Co,11771205477,VC | Search | Brand US,US,3728,509,125127426,39.4,2240.34,EUR
2026-07-31,Nordkraft EU,11482093771,NK | Search | Brand,DE,4141,495,140074106,45.47,3860.62,EUR
2026-07-31,Nordkraft EU,11482093772,NK | Search | Brand,NL,1757,152,46222538,12.09,707.99,EUR
2026-07-31,Nordkraft EU,11482093815,NK | Search | Generic DE,DE,10001,446,191784784,9.71,599.81,EUR
2026-07-31,Nordkraft EU,11482093815,NK | Search | Generic DE,AT,2082,87,35350496,1.74,93.35,EUR
2026-07-31,Nordkraft EU,11482094002,NK | PMax | EU Core,DE,25868,512,121534465,7.62,412.38,EUR
2026-07-31,Nordkraft EU,11482094002,NK | PMax | EU Core,FR,14591,242,52588120,2.75,158.01,EUR
2026-07-31,Aurelia Home,11603388120,AH | Shopping | UK,UK,19953,528,104243002,8.44,816.33,EUR
2026-07-31,Aurelia Home,11603388151,AH | Search | Generic,UK,6294,327,157005719,8.56,856.32,EUR
2026-07-31,Aurelia Home,11603388151,AH | Search | Generic,IE,1364,63,32046218,1.39,118.48,EUR
2026-07-31,Volt & Co,11771205433,VC | PMax | US,US,26894,556,176398711,8.34,458.53,EUR
2026-07-31,Volt & Co,11771205477,VC | Search | Brand US,US,3971,542,137269397,54.62,3345.44,EUR
2026-08-01,Nordkraft EU,11482093771,NK | Search | Brand,DE,3214,346,91833365,25.25,1912.77,EUR
2026-08-01,Nordkraft EU,11482093772,NK | Search | Brand,NL,1291,135,34428441,9.43,744.57,EUR
2026-08-01,Nordkraft EU,11482093815,NK | Search | Generic DE,DE,7661,322,135760700,7.83,524.77,EUR
2026-08-01,Nordkraft EU,11482093815,NK | Search | Generic DE,AT,1868,83,38031786,1.52,94.37,EUR
2026-08-01,Nordkraft EU,11482094002,NK | PMax | EU Core,DE,17672,348,82992701,4.66,336.65,EUR
2026-08-01,Nordkraft EU,11482094002,NK | PMax | EU Core,FR,10725,212,46893934,3.04,192.07,EUR
2026-08-01,Aurelia Home,11603388120,AH | Shopping | UK,UK,16768,414,74630598,6.96,703.62,EUR
2026-08-01,Aurelia Home,11603388151,AH | Search | Generic,UK,5394,221,107570376,4.29,310.79,EUR
2026-08-01,Aurelia Home,11603388151,AH | Search | Generic,IE,1226,53,25419522,0.8,66.7,EUR
2026-08-01,Volt & Co,11771205433,VC | PMax | US,US,22209,535,151350021,6.66,420.99,EUR
2026-08-01,Volt & Co,11771205477,VC | Search | Brand US,US,3698,496,119858408,48.32,2968.41,EUR
2026-08-02,Nordkraft EU,11482093771,NK | Search | Brand,DE,3061,374,96093147,34.49,2597.88,EUR
2026-08-02,Nordkraft EU,11482093772,NK | Search | Brand,NL,1231,133,39689960,9.5,650.65,EUR
2026-08-02,Nordkraft EU,11482093815,NK | Search | Generic DE,DE,7355,308,131903353,6.97,417.96,EUR
2026-08-02,Nordkraft EU,11482093815,NK | Search | Generic DE,AT,1731,63,28563803,1.24,80.11,EUR
2026-08-02,Nordkraft EU,11482094002,NK | PMax | EU Core,DE,19062,309,73968073,5.28,337.04,EUR
2026-08-02,Nordkraft EU,11482094002,NK | PMax | EU Core,FR,10925,193,44741644,1.81,91.84,EUR
2026-08-02,Aurelia Home,11603388120,AH | Shopping | UK,UK,15756,389,79728307,6.01,445.96,EUR
2026-08-02,Aurelia Home,11603388151,AH | Search | Generic,UK,4771,173,90401982,3.9,328.63,EUR
2026-08-02,Aurelia Home,11603388151,AH | Search | Generic,IE,1334,58,27555383,0.89,80.32,EUR
2026-08-02,Volt & Co,11771205433,VC | PMax | US,US,23715,509,167082061,5.77,374.17,EUR
2026-08-02,Volt & Co,11771205477,VC | Search | Brand US,US,3254,442,95340369,37.3,2448.5,EUR
2026-08-03,Nordkraft EU,11482093771,NK | Search | Brand,DE,3939,480,136310808,42.23,3551.23,EUR
2026-08-03,Nordkraft EU,11482093772,NK | Search | Brand,NL,1558,147,43373781,12.63,932.2,EUR
2026-08-03,Nordkraft EU,11482093815,NK | Search | Generic DE,DE,8572,334,148277460,6.73,394.67,EUR
2026-08-03,Nordkraft EU,11482093815,NK | Search | Generic DE,AT,2103,76,33397640,1.57,102.11,EUR
2026-08-03,Nordkraft EU,11482094002,NK | PMax | EU Core,DE,21507,413,94263665,5.05,288.24,EUR
2026-08-03,Nordkraft EU,11482094002,NK | PMax | EU Core,FR,12512,195,43317141,2.53,129.84,EUR
2026-08-03,Aurelia Home,11603388120,AH | Shopping | UK,UK,18939,485,94038202,7.75,609.36,EUR
2026-08-03,Aurelia Home,11603388151,AH | Search | Generic,UK,5834,263,147994106,4.58,416.97,EUR
2026-08-03,Aurelia Home,11603388151,AH | Search | Generic,IE,1645,65,32229979,1.2,100.78,EUR
2026-08-03,Volt & Co,11771205433,VC | PMax | US,US,23575,414,135599674,4.8,247.39,EUR
2026-08-03,Volt & Co,11771205477,VC | Search | Brand US,US,3809,443,105211055,38.3,2265.61,EUR
2026-08-04,Nordkraft EU,11482093771,NK | Search | Brand,DE,4207,495,140584204,51.7,3417.36,EUR
2026-08-04,Nordkraft EU,11482093772,NK | Search | Brand,NL,1588,185,61701281,12.64,869.41,EUR
2026-08-04,Nordkraft EU,11482093815,NK | Search | Generic DE,DE,11222,476,221525288,9.76,638.21,EUR
2026-08-04,Nordkraft EU,11482093815,NK | Search | Generic DE,AT,2292,86,36027724,1.65,101.52,EUR
2026-08-04,Nordkraft EU,11482094002,NK | PMax | EU Core,DE,23410,536,114924506,7.77,452.3,EUR
2026-08-04,Nordkraft EU,11482094002,NK | PMax | EU Core,FR,13989,239,54983499,3.24,201.44,EUR
2026-08-04,Aurelia Home,11603388120,AH | Shopping | UK,UK,20865,453,94283414,7.55,769.47,EUR
2026-08-04,Aurelia Home,11603388151,AH | Search | Generic,UK,5871,249,133125569,5.72,517.61,EUR
2026-08-04,Aurelia Home,11603388151,AH | Search | Generic,IE,1635,57,28958621,1.14,94.93,EUR
2026-08-04,Volt & Co,11771205433,VC | PMax | US,US,23997,522,138380944,7.27,334.0,EUR
2026-08-04,Volt & Co,11771205477,VC | Search | Brand US,US,4383,561,144087997,51.7,2742.34,EUR
2026-08-05,Nordkraft EU,11482093771,NK | Search | Brand,DE,3866,484,139880738,41.25,2980.32,EUR
2026-08-05,Nordkraft EU,11482093772,NK | Search | Brand,NL,1373,152,42144649,13.33,958.6,EUR
2026-08-05,Nordkraft EU,11482093815,NK | Search | Generic DE,DE,12173,461,210753769,11.6,882.78,EUR
2026-08-05,Nordkraft EU,11482093815,NK | Search | Generic DE,AT,2098,81,34024081,1.59,97.61,EUR
2026-08-05,Nordkraft EU,11482094002,NK | PMax | EU Core,DE,22206,375,90729667,5.51,339.24,EUR
2026-08-05,Nordkraft EU,11482094002,NK | PMax | EU Core,FR,11388,207,46536028,2.29,135.77,EUR
2026-08-05,Aurelia Home,11603388120,AH | Shopping | UK,UK,16412,396,72812104,7.19,619.18,EUR
2026-08-05,Aurelia Home,11603388151,AH | Search | Generic,UK,6990,303,162979074,6.86,656.38,EUR
2026-08-05,Aurelia Home,11603388151,AH | Search | Generic,IE,1421,51,22450193,0.96,71.41,EUR
2026-08-05,Volt & Co,11771205433,VC | PMax | US,US,28739,584,206833926,6.14,338.31,EUR
2026-08-05,Volt & Co,11771205477,VC | Search | Brand US,US,3927,489,118355819,34.21,1996.15,EUR
2026-08-06,Nordkraft EU,11482093771,NK | Search | Brand,DE,4754,529,150428964,52.39,3813.3,EUR
2026-08-06,Nordkraft EU,11482093772,NK | Search | Brand,NL,1519,138,44425295,11.04,704.46,EUR
2026-08-06,Nordkraft EU,11482093815,NK | Search | Generic DE,DE,10155,399,177720760,8.94,526.56,EUR
2026-08-06,Nordkraft EU,11482093815,NK | Search | Generic DE,AT,2455,84,33877194,1.93,141.74,EUR
2026-08-06,Nordkraft EU,11482094002,NK | PMax | EU Core,DE,22629,402,93416148,5.67,358.55,EUR
2026-08-06,Nordkraft EU,11482094002,NK | PMax | EU Core,FR,13243,225,48863306,2.27,131.32,EUR
2026-08-06,Aurelia Home,11603388120,AH | Shopping | UK,UK,20579,484,90914109,7.05,655.82,EUR
2026-08-06,Aurelia Home,11603388151,AH | Search | Generic,UK,6391,317,173116662,6.24,585.98,EUR
2026-08-06,Aurelia Home,11603388151,AH | Search | Generic,IE,1391,53,25919013,1.0,92.59,EUR
2026-08-06,Volt & Co,11771205433,VC | PMax | US,US,25837,519,154553789,6.33,379.39,EUR
2026-08-06,Volt & Co,11771205477,VC | Search | Brand US,US,4627,668,182132923,55.67,3195.54,EUR
2026-08-07,Nordkraft EU,11482093771,NK | Search | Brand,DE,3637,395,106418772,31.07,2057.33,EUR
2026-08-07,Nordkraft EU,11482093772,NK | Search | Brand,NL,1585,157,51129179,11.43,1039.53,EUR
2026-08-07,Nordkraft EU,11482093815,NK | Search | Generic DE,DE,9653,398,168850936,9.93,750.83,EUR
2026-08-07,Nordkraft EU,11482093815,NK | Search | Generic DE,AT,2308,79,33599396,1.32,99.86,EUR
2026-08-07,Nordkraft EU,11482094002,NK | PMax | EU Core,DE,24115,461,94466364,5.76,387.84,EUR
2026-08-07,Nordkraft EU,11482094002,NK | PMax | EU Core,FR,14841,272,54124037,3.37,226.45,EUR
2026-08-07,Aurelia Home,11603388120,AH | Shopping | UK,UK,16209,421,81304279,6.51,487.99,EUR
2026-08-07,Aurelia Home,11603388151,AH | Search | Generic,UK,6442,283,148657437,6.11,513.86,EUR
2026-08-07,Aurelia Home,11603388151,AH | Search | Generic,IE,1493,62,29216416,1.18,101.23,EUR
2026-08-07,Volt & Co,11771205433,VC | PMax | US,US,23019,500,154994763,6.53,386.5,EUR
2026-08-07,Volt & Co,11771205477,VC | Search | Brand US,US,3617,402,98064996,37.76,2188.95,EUR
2026-08-08,Nordkraft EU,11482093771,NK | Search | Brand,DE,3203,386,114127976,36.18,2607.49,EUR
2026-08-08,Nordkraft EU,11482093772,NK | Search | Brand,NL,1069,122,40592347,10.58,685.1,EUR
2026-08-08,Nordkraft EU,11482093815,NK | Search | Generic DE,DE,8769,381,191651888,7.23,480.51,EUR
2026-08-08,Nordkraft EU,11482093815,NK | Search | Generic DE,AT,1971,75,29388251,1.49,104.03,EUR
2026-08-08,Nordkraft EU,11482094002,NK | PMax | EU Core,DE,18616,359,84822594,5.84,334.78,EUR
2026-08-08,Nordkraft EU,11482094002,NK | PMax | EU Core,FR,10413,177,40993588,1.77,93.82,EUR
2026-08-08,Aurelia Home,11603388120,AH | Shopping | UK,UK,12784,333,59024687,5.1,500.23,EUR
2026-08-08,Aurelia Home,11603388151,AH | Search | Generic,UK,5138,235,122313048,5.8,534.65,EUR
2026-08-08,Aurelia Home,11603388151,AH | Search | Generic,IE,1155,46,23462751,0.96,70.2,EUR
2026-08-08,Volt & Co,11771205433,VC | PMax | US,US,24217,470,158048189,6.8,377.84,EUR
2026-08-08,Volt & Co,11771205477,VC | Search | Brand US,US,3657,465,116143396,41.93,2446.31,EUR
2026-08-09,Nordkraft EU,11482093771,NK | Search | Brand,DE,3612,399,107589537,30.85,2039.89,EUR
2026-08-09,Nordkraft EU,11482093772,NK | Search | Brand,NL,1104,125,42955726,11.71,696.22,EUR
2026-08-09,Nordkraft EU,11482093815,NK | Search | Generic DE,DE,8825,398,178062034,8.45,459.23,EUR
2026-08-09,Nordkraft EU,11482093815,NK | Search | Generic DE,AT,1895,67,28477064,1.05,73.06,EUR
2026-08-09,Nordkraft EU,11482094002,NK | PMax | EU Core,DE,20215,363,81177078,3.88,237.93,EUR
2026-08-09,Nordkraft EU,11482094002,NK | PMax | EU Core,FR,10440,158,35704816,1.8,97.99,EUR
2026-08-09,Aurelia Home,11603388120,AH | Shopping | UK,UK,14905,417,82096242,6.58,642.84,EUR
2026-08-09,Aurelia Home,11603388151,AH | Search | Generic,UK,4893,221,118165352,4.82,442.63,EUR
2026-08-09,Aurelia Home,11603388151,AH | Search | Generic,IE,1147,48,23802890,0.65,61.83,EUR
2026-08-09,Volt & Co,11771205433,VC | PMax | US,US,16630,334,109909872,4.19,193.09,EUR
2026-08-09,Volt & Co,11771205477,VC | Search | Brand US,US,3258,450,95548651,47.55,2695.42,EUR
2026-08-10,Nordkraft EU,11482093771,NK | Search | Brand,DE,3653,403,105952984,39.28,3119.62,EUR
2026-08-10,Nordkraft EU,11482093772,NK | Search | Brand,NL,1366,143,42034099,13.23,812.51,EUR
2026-08-10,Nordkraft EU,11482093815,NK | Search | Generic DE,DE,11585,474,202839109,9.21,576.08,EUR
2026-08-10,Nordkraft EU,11482093815,NK | Search | Generic DE,AT,2002,77,29957353,1.11,70.48,EUR
2026-08-10,Nordkraft EU,11482094002,NK | PMax | EU Core,DE,18947,341,77375941,4.32,326.62,EUR
2026-08-10,Nordkraft EU,11482094002,NK | PMax | EU Core,FR,13531,234,45993061,2.61,162.64,EUR
2026-08-10,Aurelia Home,11603388120,AH | Shopping | UK,UK,17403,481,84795134,7.45,645.23,EUR
2026-08-10,Aurelia Home,11603388151,AH | Search | Generic,UK,6776,291,151723205,6.52,531.62,EUR
2026-08-10,Aurelia Home,11603388151,AH | Search | Generic,IE,1574,64,30556667,1.22,111.96,EUR
2026-08-10,Volt & Co,11771205433,VC | PMax | US,US,27408,563,175626293,8.68,405.89,EUR
2026-08-10,Volt & Co,11771205477,VC | Search | Brand US,US,4722,528,128371971,58.23,3481.3,EUR
2026-08-11,Nordkraft EU,11482093771,NK | Search | Brand,DE,4164,460,129039933,39.8,2713.71,EUR
2026-08-11,Nordkraft EU,11482093772,NK | Search | Brand,NL,1577,173,51161249,12.77,783.34,EUR
2026-08-11,Nordkraft EU,11482093815,NK | Search | Generic DE,DE,10501,447,208478041,10.38,712.04,EUR
2026-08-11,Nordkraft EU,11482093815,NK | Search | Generic DE,AT,2346,91,38010080,1.63,131.4,EUR
2026-08-11,Nordkraft EU,11482094002,NK | PMax | EU Core,DE,21741,394,97022398,5.67,307.03,EUR
2026-08-11,Nordkraft EU,11482094002,NK | PMax | EU Core,FR,14853,251,51539263,3.41,221.02,EUR
2026-08-11,Aurelia Home,11603388120,AH | Shopping | UK,UK,17024,498,98360124,7.96,848.77,EUR
2026-08-11,Aurelia Home,11603388151,AH | Search | Generic,UK,6787,305,155245749,7.46,687.77,EUR
2026-08-11,Aurelia Home,11603388151,AH | Search | Generic,IE,1513,57,27573293,1.13,83.24,EUR
2026-08-11,Volt & Co,11771205433,VC | PMax | US,US,24342,531,138912190,7.06,363.01,EUR
2026-08-11,Volt & Co,11771205477,VC | Search | Brand US,US,4946,616,153689889,55.38,3192.57,EUR
2026-08-12,Nordkraft EU,11482093771,NK | Search | Brand,DE,4382,488,144810156,38.68,2946.64,EUR
2026-08-12,Nordkraft EU,11482093772,NK | Search | Brand,NL,1757,199,68783529,14.77,904.04,EUR
2026-08-12,Nordkraft EU,11482093815,NK | Search | Generic DE,DE,9255,397,188075841,8.43,508.87,EUR
2026-08-12,Nordkraft EU,11482093815,NK | Search | Generic DE,AT,2428,84,37733264,2.1,143.68,EUR
2026-08-12,Nordkraft EU,11482094002,NK | PMax | EU Core,DE,23901,438,93702623,5.73,321.54,EUR
2026-08-12,Nordkraft EU,11482094002,NK | PMax | EU Core,FR,11757,224,50086800,2.8,165.52,EUR
2026-08-12,Aurelia Home,11603388120,AH | Shopping | UK,UK,18949,526,99746094,8.91,803.65,EUR
2026-08-12,Aurelia Home,11603388151,AH | Search | Generic,UK,6498,264,123316401,5.9,522.13,EUR
2026-08-12,Aurelia Home,11603388151,AH | Search | Generic,IE,1339,53,25522048,0.81,62.55,EUR
2026-08-12,Volt & Co,11771205433,VC | PMax | US,US,29147,629,181492696,8.32,495.21,EUR
2026-08-12,Volt & Co,11771205477,VC | Search | Brand US,US,4744,608,141822774,53.2,3174.26,EUR
2026-08-13,Nordkraft EU,11482093771,NK | Search | Brand,DE,4190,503,141954386,48.8,3645.36,EUR
2026-08-13,Nordkraft EU,11482093772,NK | Search | Brand,NL,1740,199,58712125,12.91,1058.09,EUR
2026-08-13,Nordkraft EU,11482093815,NK | Search | Generic DE,DE,10421,376,165552267,8.57,566.46,EUR
2026-08-13,Nordkraft EU,11482093815,NK | Search | Generic DE,AT,2171,91,35818361,1.58,106.48,EUR
2026-08-13,Nordkraft EU,11482094002,NK | PMax | EU Core,DE,23555,463,117195406,6.62,437.47,EUR
2026-08-13,Nordkraft EU,11482094002,NK | PMax | EU Core,FR,13229,226,50040796,2.78,182.68,EUR
2026-08-13,Aurelia Home,11603388120,AH | Shopping | UK,UK,20252,528,95449709,8.51,780.73,EUR
2026-08-13,Aurelia Home,11603388151,AH | Search | Generic,UK,6835,355,182237129,8.54,831.82,EUR
2026-08-13,Aurelia Home,11603388151,AH | Search | Generic,IE,1530,71,33306985,1.47,114.97,EUR
2026-08-13,Volt & Co,11771205433,VC | PMax | US,US,27282,583,189907152,7.85,477.27,EUR
2026-08-13,Volt & Co,11771205477,VC | Search | Brand US,US,4405,555,154810249,54.43,2879.29,EUR
2026-08-14,Nordkraft EU,11482093771,NK | Search | Brand,DE,3868,415,122729762,35.45,2656.71,EUR
2026-08-14,Nordkraft EU,11482093772,NK | Search | Brand,NL,1619,184,54142103,13.14,953.87,EUR
2026-08-14,Nordkraft EU,11482093815,NK | Search | Generic DE,DE,10759,451,197384244,10.18,640.75,EUR
2026-08-14,Nordkraft EU,11482093815,NK | Search | Generic DE,AT,2173,77,34864768,1.56,109.19,EUR
2026-08-14,Nordkraft EU,11482094002,NK | PMax | EU Core,DE,25361,577,124278382,7.42,438.66,EUR
2026-08-14,Nordkraft EU,11482094002,NK | PMax | EU Core,FR,12533,197,42560782,2.05,129.24,EUR
2026-08-14,Aurelia Home,11603388120,AH | Shopping | UK,UK,19417,522,102201390,8.91,789.11,EUR
2026-08-14,Aurelia Home,11603388151,AH | Search | Generic,UK,8017,367,172773685,7.51,545.85,EUR
2026-08-14,Aurelia Home,11603388151,AH | Search | Generic,IE,1522,60,27990560,1.47,131.81,EUR
2026-08-14,Volt & Co,11771205433,VC | PMax | US,US,30076,590,171935384,7.7,422.99,EUR
2026-08-14,Volt & Co,11771205477,VC | Search | Brand US,US,3708,472,113375645,43.32,2268.39,EUR
2026-08-15,Nordkraft EU,11482093771,NK | Search | Brand,DE,3226,366,103038311,34.74,2848.62,EUR
2026-08-15,Nordkraft EU,11482093772,NK | Search | Brand,NL,1303,136,43267094,11.76,798.71,EUR
2026-08-15,Nordkraft EU,11482093815,NK | Search | Generic DE,DE,8983,394,195286315,9.89,614.25,EUR
2026-08-15,Nordkraft EU,11482093815,NK | Search | Generic DE,AT,1876,71,29644527,1.25,70.24,EUR
2026-08-15,Nordkraft EU,11482094002,NK | PMax | EU Core,DE,18892,340,82021024,4.34,243.35,EUR
2026-08-15,Nordkraft EU,11482094002,NK | PMax | EU Core,FR,11387,196,44618718,2.92,183.06,EUR
2026-08-15,Aurelia Home,11603388120,AH | Shopping | UK,UK,16574,398,69781044,7.48,624.61,EUR
2026-08-15,Aurelia Home,11603388151,AH | Search | Generic,UK,5012,225,118604673,4.66,397.57,EUR
2026-08-15,Aurelia Home,11603388151,AH | Search | Generic,IE,1387,52,22872836,1.15,102.56,EUR
2026-08-15,Volt & Co,11771205433,VC | PMax | US,US,21901,409,121125352,5.29,318.96,EUR
2026-08-15,Volt & Co,11771205477,VC | Search | Brand US,US,3317,425,106131885,29.49,1854.7,EUR
2026-08-16,Nordkraft EU,11482093771,NK | Search | Brand,DE,3036,357,101439507,35.56,2776.41,EUR
2026-08-16,Nordkraft EU,11482093772,NK | Search | Brand,NL,1054,108,33757626,8.56,636.79,EUR
2026-08-16,Nordkraft EU,11482093815,NK | Search | Generic DE,DE,9000,385,174823114,6.44,417.97,EUR
2026-08-16,Nordkraft EU,11482093815,NK | Search | Generic DE,AT,1948,68,29641752,1.42,94.91,EUR
2026-08-16,Nordkraft EU,11482094002,NK | PMax | EU Core,DE,13597,235,62782864,3.09,156.04,EUR
2026-08-16,Nordkraft EU,11482094002,NK | PMax | EU Core,FR,12417,211,49497480,2.61,166.51,EUR
2026-08-16,Aurelia Home,11603388120,AH | Shopping | UK,UK,16432,448,96751293,7.93,614.26,EUR
2026-08-16,Aurelia Home,11603388151,AH | Search | Generic,UK,5765,280,159108848,6.14,603.26,EUR
2026-08-16,Aurelia Home,11603388151,AH | Search | Generic,IE,1356,64,29337597,1.21,99.7,EUR
2026-08-16,Volt & Co,11771205433,VC | PMax | US,US,22218,438,113273035,5.42,303.49,EUR
2026-08-16,Volt & Co,11771205477,VC | Search | Brand US,US,3503,513,123218810,55.07,3221.05,EUR
2026-08-17,Nordkraft EU,11482093771,NK | Search | Brand,DE,4460,523,158466689,46.83,3637.35,EUR
2026-08-17,Nordkraft EU,11482093772,NK | Search | Brand,NL,1693,179,56838348,18.06,1247.59,EUR
2026-08-17,Nordkraft EU,11482093815,NK | Search | Generic DE,DE,10656,475,233448721,9.99,517.41,EUR
2026-08-17,Nordkraft EU,11482093815,NK | Search | Generic DE,AT,2401,77,35192266,1.49,108.17,EUR
2026-08-17,Nordkraft EU,11482094002,NK | PMax | EU Core,DE,21078,357,87020486,4.98,298.32,EUR
2026-08-17,Nordkraft EU,11482094002,NK | PMax | EU Core,FR,13759,279,64453391,3.73,246.73,EUR
2026-08-17,Aurelia Home,11603388120,AH | Shopping | UK,UK,22034,565,94115282,8.85,880.29,EUR
2026-08-17,Aurelia Home,11603388151,AH | Search | Generic,UK,6182,275,139700474,7.37,697.17,EUR
2026-08-17,Aurelia Home,11603388151,AH | Search | Generic,IE,1619,68,32567051,1.39,104.15,EUR
2026-08-17,Volt & Co,11771205433,VC | PMax | US,US,22813,484,152956690,7.13,445.52,EUR
2026-08-17,Volt & Co,11771205477,VC | Search | Brand US,US,5112,613,144010486,60.67,4333.77,EUR
2026-08-18,Nordkraft EU,11482093771,NK | Search | Brand,DE,4714,585,159988820,47.01,3753.18,EUR
2026-08-18,Nordkraft EU,11482093772,NK | Search | Brand,NL,1479,157,48334825,14.95,1023.8,EUR
2026-08-18,Nordkraft EU,11482093815,NK | Search | Generic DE,DE,8030,341,150281086,7.19,484.68,EUR
2026-08-18,Nordkraft EU,11482093815,NK | Search | Generic DE,AT,2242,90,34323462,1.61,113.53,EUR
2026-08-18,Nordkraft EU,11482094002,NK | PMax | EU Core,DE,21716,366,91363554,5.76,361.25,EUR
2026-08-18,Nordkraft EU,11482094002,NK | PMax | EU Core,FR,11268,201,39815985,2.49,138.41,EUR
2026-08-18,Aurelia Home,11603388120,AH | Shopping | UK,UK,17450,440,82680579,6.54,637.1,EUR
2026-08-18,Aurelia Home,11603388151,AH | Search | Generic,UK,6514,313,168688629,6.65,534.53,EUR
2026-08-18,Aurelia Home,11603388151,AH | Search | Generic,IE,1305,53,24898758,0.78,62.75,EUR
2026-08-18,Volt & Co,11771205433,VC | PMax | US,US,26152,610,169780274,6.67,400.16,EUR
2026-08-18,Volt & Co,11771205477,VC | Search | Brand US,US,5036,616,142233146,61.83,2704.17,EUR
2026-08-19,Nordkraft EU,11482093771,NK | Search | Brand,DE,3470,391,119660921,33.13,2476.37,EUR
2026-08-19,Nordkraft EU,11482093772,NK | Search | Brand,NL,1813,225,67335889,18.19,1526.81,EUR
2026-08-19,Nordkraft EU,11482093815,NK | Search | Generic DE,DE,8897,391,168870746,8.3,550.71,EUR
2026-08-19,Nordkraft EU,11482093815,NK | Search | Generic DE,AT,2105,74,31595458,1.56,101.62,EUR
2026-08-19,Nordkraft EU,11482094002,NK | PMax | EU Core,DE,23178,458,103511980,6.93,472.36,EUR
2026-08-19,Nordkraft EU,11482094002,NK | PMax | EU Core,FR,16923,280,59906930,3.64,240.23,EUR
2026-08-19,Aurelia Home,11603388120,AH | Shopping | UK,UK,18583,470,92199379,6.84,603.45,EUR
2026-08-19,Aurelia Home,11603388151,AH | Search | Generic,UK,6855,330,168555342,6.05,430.36,EUR
2026-08-19,Aurelia Home,11603388151,AH | Search | Generic,IE,1361,49,23301813,0.85,67.17,EUR
2026-08-19,Volt & Co,11771205433,VC | PMax | US,US,26530,540,180683234,7.53,407.28,EUR
2026-08-19,Volt & Co,11771205477,VC | Search | Brand US,US,4310,539,131903837,53.92,2794.49,EUR
2026-08-20,Nordkraft EU,11482093771,NK | Search | Brand,DE,4190,413,117108955,39.84,2865.59,EUR
2026-08-20,Nordkraft EU,11482093772,NK | Search | Brand,NL,1918,194,60924612,15.65,1100.01,EUR
2026-08-20,Nordkraft EU,11482093815,NK | Search | Generic DE,DE,10224,422,203996345,10.21,694.12,EUR
2026-08-20,Nordkraft EU,11482093815,NK | Search | Generic DE,AT,2477,90,39537187,1.57,114.92,EUR
2026-08-20,Nordkraft EU,11482094002,NK | PMax | EU Core,DE,27671,521,108590662,6.85,484.71,EUR
2026-08-20,Nordkraft EU,11482094002,NK | PMax | EU Core,FR,14421,249,58095291,3.15,215.55,EUR
2026-08-20,Aurelia Home,11603388120,AH | Shopping | UK,UK,21181,609,118200978,10.71,955.06,EUR
2026-08-20,Aurelia Home,11603388151,AH | Search | Generic,UK,6445,325,174484475,8.14,725.18,EUR
2026-08-20,Aurelia Home,11603388151,AH | Search | Generic,IE,1457,58,30238684,1.23,86.66,EUR
2026-08-20,Volt & Co,11771205433,VC | PMax | US,US,28020,662,202587476,6.9,443.14,EUR
2026-08-20,Volt & Co,11771205477,VC | Search | Brand US,US,4783,614,144076073,64.59,3482.09,EUR
2026-08-21,Nordkraft EU,11482093771,NK | Search | Brand,DE,4617,551,156544972,49.82,3622.17,EUR
2026-08-21,Nordkraft EU,11482093772,NK | Search | Brand,NL,1807,183,51209291,15.82,1194.12,EUR
2026-08-21,Nordkraft EU,11482093815,NK | Search | Generic DE,DE,10799,455,205274654,10.38,702.62,EUR
2026-08-21,Nordkraft EU,11482093815,NK | Search | Generic DE,AT,2211,82,38615450,1.26,87.32,EUR
2026-08-21,Nordkraft EU,11482094002,NK | PMax | EU Core,DE,19631,370,86489633,3.99,261.15,EUR
2026-08-21,Nordkraft EU,11482094002,NK | PMax | EU Core,FR,13294,193,44598884,2.68,187.84,EUR
2026-08-21,Aurelia Home,11603388120,AH | Shopping | UK,UK,20235,528,108314440,10.01,1025.31,EUR
2026-08-21,Aurelia Home,11603388151,AH | Search | Generic,UK,6249,285,155033335,5.25,483.68,EUR
2026-08-21,Aurelia Home,11603388151,AH | Search | Generic,IE,1857,78,40749875,1.59,134.16,EUR
2026-08-21,Volt & Co,11771205433,VC | PMax | US,US,29614,586,171155236,8.68,533.04,EUR
2026-08-21,Volt & Co,11771205477,VC | Search | Brand US,US,4112,566,135131241,55.19,3290.61,EUR
2026-08-22,Nordkraft EU,11482093771,NK | Search | Brand,DE,3746,433,131498082,39.85,3132.97,EUR
2026-08-22,Nordkraft EU,11482093772,NK | Search | Brand,NL,1255,156,49723244,13.63,812.1,EUR
2026-08-22,Nordkraft EU,11482093815,NK | Search | Generic DE,DE,7875,351,164239286,5.82,436.85,EUR
2026-08-22,Nordkraft EU,11482093815,NK | Search | Generic DE,AT,1807,75,31333991,1.46,107.72,EUR
2026-08-22,Nordkraft EU,11482094002,NK | PMax | EU Core,DE,17466,309,73285661,4.72,257.79,EUR
2026-08-22,Nordkraft EU,11482094002,NK | PMax | EU Core,FR,9612,173,36683039,1.99,98.85,EUR
2026-08-22,Aurelia Home,11603388120,AH | Shopping | UK,UK,15121,393,78838279,5.75,616.68,EUR
2026-08-22,Aurelia Home,11603388151,AH | Search | Generic,UK,5264,226,130828681,5.32,442.32,EUR
2026-08-22,Aurelia Home,11603388151,AH | Search | Generic,IE,1249,55,28722465,1.0,84.64,EUR
2026-08-22,Volt & Co,11771205433,VC | PMax | US,US,23715,464,143359416,6.04,363.35,EUR
2026-08-22,Volt & Co,11771205477,VC | Search | Brand US,US,4113,518,122724081,52.25,2803.97,EUR
2026-08-23,Nordkraft EU,11482093771,NK | Search | Brand,DE,3628,415,109441353,33.05,2799.61,EUR
2026-08-23,Nordkraft EU,11482093772,NK | Search | Brand,NL,1341,161,48371865,13.46,1184.32,EUR
2026-08-23,Nordkraft EU,11482093815,NK | Search | Generic DE,DE,7711,274,135769709,5.23,354.9,EUR
2026-08-23,Nordkraft EU,11482093815,NK | Search | Generic DE,AT,1803,70,27723254,1.3,89.66,EUR
2026-08-23,Nordkraft EU,11482094002,NK | PMax | EU Core,DE,17311,313,73554276,3.69,222.65,EUR
2026-08-23,Nordkraft EU,11482094002,NK | PMax | EU Core,FR,11454,189,40902970,2.26,128.82,EUR
2026-08-23,Aurelia Home,11603388120,AH | Shopping | UK,UK,17141,490,90505971,8.26,741.71,EUR
2026-08-23,Aurelia Home,11603388151,AH | Search | Generic,UK,5806,290,158390858,5.37,494.01,EUR
2026-08-23,Aurelia Home,11603388151,AH | Search | Generic,IE,1410,56,28485760,1.03,74.54,EUR
2026-08-23,Volt & Co,11771205433,VC | PMax | US,US,23871,440,134437714,6.53,285.28,EUR
2026-08-23,Volt & Co,11771205477,VC | Search | Brand US,US,3289,394,94200748,35.55,2309.86,EUR
2026-08-24,Nordkraft EU,11482093771,NK | Search | Brand,DE,4571,544,153650945,50.51,3415.55,EUR
2026-08-24,Nordkraft EU,11482093772,NK | Search | Brand,NL,1790,178,57945766,16.3,1181.7,EUR
2026-08-24,Nordkraft EU,11482093815,NK | Search | Generic DE,DE,10248,432,164601544,9.37,629.94,EUR
2026-08-24,Nordkraft EU,11482093815,NK | Search | Generic DE,AT,2316,92,38466656,1.53,99.55,EUR
2026-08-24,Nordkraft EU,11482094002,NK | PMax | EU Core,DE,23405,448,108564574,6.99,392.54,EUR
2026-08-24,Nordkraft EU,11482094002,NK | PMax | EU Core,FR,14066,261,51443916,3.19,183.2,EUR
2026-08-24,Aurelia Home,11603388120,AH | Shopping | UK,UK,19061,464,87263145,8.93,717.68,EUR
2026-08-24,Aurelia Home,11603388151,AH | Search | Generic,UK,6145,251,146817907,5.48,481.0,EUR
2026-08-24,Aurelia Home,11603388151,AH | Search | Generic,IE,1495,56,26500749,1.42,137.5,EUR
2026-08-24,Volt & Co,11771205433,VC | PMax | US,US,26592,584,172007667,6.11,363.58,EUR
2026-08-24,Volt & Co,11771205477,VC | Search | Brand US,US,5016,694,161864355,64.04,3923.97,EUR
2026-08-25,Nordkraft EU,11482093771,NK | Search | Brand,DE,4367,488,123366202,43.98,3605.69,EUR
2026-08-25,Nordkraft EU,11482093772,NK | Search | Brand,NL,1486,168,53116001,14.73,1137.02,EUR
2026-08-25,Nordkraft EU,11482093815,NK | Search | Generic DE,DE,9782,356,158517851,8.21,528.02,EUR
2026-08-25,Nordkraft EU,11482093815,NK | Search | Generic DE,AT,2185,72,33420004,1.49,105.91,EUR
2026-08-25,Nordkraft EU,11482094002,NK | PMax | EU Core,DE,25340,501,118477314,6.89,415.51,EUR
2026-08-25,Nordkraft EU,11482094002,NK | PMax | EU Core,FR,17165,303,64804984,3.82,209.46,EUR
2026-08-25,Aurelia Home,11603388120,AH | Shopping | UK,UK,22433,556,108816080,9.94,949.67,EUR
2026-08-25,Aurelia Home,11603388151,AH | Search | Generic,UK,6941,313,165328219,6.74,566.46,EUR
2026-08-25,Aurelia Home,11603388151,AH | Search | Generic,IE,1761,70,32015835,1.32,124.55,EUR
2026-08-25,Volt & Co,11771205433,VC | PMax | US,US,30615,668,203880351,9.23,466.34,EUR
2026-08-25,Volt & Co,11771205477,VC | Search | Brand US,US,4445,612,154584834,51.31,2674.46,EUR
2026-08-26,Nordkraft EU,11482093771,NK | Search | Brand,DE,4268,550,136300178,50.45,3219.58,EUR
2026-08-26,Nordkraft EU,11482093772,NK | Search | Brand,NL,1573,166,50161638,12.66,899.51,EUR
2026-08-26,Nordkraft EU,11482093815,NK | Search | Generic DE,DE,9951,366,176237931,8.32,613.46,EUR
2026-08-26,Nordkraft EU,11482093815,NK | Search | Generic DE,AT,2012,78,34088704,1.31,86.54,EUR
2026-08-26,Nordkraft EU,11482094002,NK | PMax | EU Core,DE,23112,496,132785520,5.67,446.3,EUR
2026-08-26,Nordkraft EU,11482094002,NK | PMax | EU Core,FR,12757,232,54012053,2.48,158.74,EUR
2026-08-26,Aurelia Home,11603388120,AH | Shopping | UK,UK,19606,530,102093722,9.6,889.86,EUR
2026-08-26,Aurelia Home,11603388151,AH | Search | Generic,UK,6791,329,180442219,8.18,672.0,EUR
2026-08-26,Aurelia Home,11603388151,AH | Search | Generic,IE,1411,54,24954499,1.17,109.16,EUR
2026-08-26,Volt & Co,11771205433,VC | PMax | US,US,28513,659,221063877,8.8,436.14,EUR
2026-08-26,Volt & Co,11771205477,VC | Search | Brand US,US,5207,669,161775425,60.54,3143.73,EUR
2026-08-27,Nordkraft EU,11482093771,NK | Search | Brand,DE,3675,441,117675938,52.46,3460.42,EUR
2026-08-27,Nordkraft EU,11482093772,NK | Search | Brand,NL,1482,166,56181908,13.54,1016.35,EUR
2026-08-27,Nordkraft EU,11482093815,NK | Search | Generic DE,DE,8737,341,146755558,5.67,390.07,EUR
2026-08-27,Nordkraft EU,11482093815,NK | Search | Generic DE,AT,1868,64,26013614,1.1,75.48,EUR
2026-08-27,Nordkraft EU,11482094002,NK | PMax | EU Core,DE,24046,485,121654648,7.64,481.23,EUR
2026-08-27,Nordkraft EU,11482094002,NK | PMax | EU Core,FR,14310,252,55911207,2.89,170.43,EUR
2026-08-27,Aurelia Home,11603388120,AH | Shopping | UK,UK,18377,492,92952688,7.3,627.12,EUR
2026-08-27,Aurelia Home,11603388151,AH | Search | Generic,UK,6157,296,157620012,6.16,585.91,EUR
2026-08-27,Aurelia Home,11603388151,AH | Search | Generic,IE,1481,53,26998794,1.0,81.52,EUR
2026-08-27,Volt & Co,11771205433,VC | PMax | US,US,29082,660,204845978,7.45,424.18,EUR
2026-08-27,Volt & Co,11771205477,VC | Search | Brand US,US,4370,638,153109713,45.23,2670.24,EUR
2026-08-28,Nordkraft EU,11482093771,NK | Search | Brand,DE,4986,637,197954140,50.33,4064.14,EUR
2026-08-28,Nordkraft EU,11482093772,NK | Search | Brand,NL,1566,172,49247571,12.94,856.61,EUR
2026-08-28,Nordkraft EU,11482093815,NK | Search | Generic DE,DE,11345,491,229611350,8.78,578.43,EUR
2026-08-28,Nordkraft EU,11482093815,NK | Search | Generic DE,AT,2187,88,39572743,1.87,114.1,EUR
2026-08-28,Nordkraft EU,11482094002,NK | PMax | EU Core,DE,17667,294,76578600,3.93,229.0,EUR
2026-08-28,Nordkraft EU,11482094002,NK | PMax | EU Core,FR,16021,296,65215526,3.44,207.07,EUR
2026-08-28,Aurelia Home,11603388120,AH | Shopping | UK,UK,20282,586,114162251,10.12,1039.9,EUR
2026-08-28,Aurelia Home,11603388151,AH | Search | Generic,UK,6194,293,152545385,4.87,337.36,EUR
2026-08-28,Aurelia Home,11603388151,AH | Search | Generic,IE,1420,59,28513368,1.2,121.9,EUR
2026-08-28,Volt & Co,11771205433,VC | PMax | US,US,25716,539,170142088,6.44,348.75,EUR
2026-08-28,Volt & Co,11771205477,VC | Search | Brand US,US,3919,555,127752536,63.83,3626.49,EUR
2026-08-29,Nordkraft EU,11482093771,NK | Search | Brand,DE,3809,436,121854808,36.31,2718.95,EUR
2026-08-29,Nordkraft EU,11482093772,NK | Search | Brand,NL,1416,144,44305081,10.88,950.12,EUR
2026-08-29,Nordkraft EU,11482093815,NK | Search | Generic DE,DE,8554,389,176839720,8.4,495.72,EUR
2026-08-29,Nordkraft EU,11482093815,NK | Search | Generic DE,AT,1849,71,32657678,1.38,103.68,EUR
2026-08-29,Nordkraft EU,11482094002,NK | PMax | EU Core,DE,20377,431,103073560,7.62,456.76,EUR
2026-08-29,Nordkraft EU,11482094002,NK | PMax | EU Core,FR,10677,166,41627741,2.17,127.95,EUR
2026-08-29,Aurelia Home,11603388120,AH | Shopping | UK,UK,18166,495,105144857,6.57,588.4,EUR
2026-08-29,Aurelia Home,11603388151,AH | Search | Generic,UK,5451,211,118944583,4.71,445.14,EUR
2026-08-29,Aurelia Home,11603388151,AH | Search | Generic,IE,1557,61,28540118,1.24,115.81,EUR
2026-08-29,Volt & Co,11771205433,VC | PMax | US,US,22636,454,149667329,6.15,264.19,EUR
2026-08-29,Volt & Co,11771205477,VC | Search | Brand US,US,3347,477,117240765,41.08,2301.66,EUR
2026-08-30,Nordkraft EU,11482093771,NK | Search | Brand,DE,3497,423,108787637,34.16,2596.84,EUR
2026-08-30,Nordkraft EU,11482093772,NK | Search | Brand,NL,1366,153,43931068,12.88,1014.3,EUR
2026-08-30,Nordkraft EU,11482093815,NK | Search | Generic DE,DE,9019,329,457609786,6.27,480.07,EUR
2026-08-30,Nordkraft EU,11482093815,NK | Search | Generic DE,AT,1910,68,27716485,1.32,83.87,EUR
2026-08-30,Nordkraft EU,11482094002,NK | PMax | EU Core,DE,20147,397,100362139,6.43,445.43,EUR
2026-08-30,Nordkraft EU,11482094002,NK | PMax | EU Core,FR,10524,168,36791969,1.92,103.79,EUR
2026-08-30,Aurelia Home,11603388120,AH | Shopping | UK,UK,15712,395,72024670,6.1,627.33,EUR
2026-08-30,Aurelia Home,11603388151,AH | Search | Generic,UK,5801,306,163839181,6.81,599.53,EUR
2026-08-30,Aurelia Home,11603388151,AH | Search | Generic,IE,1317,54,29149701,0.98,90.46,EUR
2026-08-30,Volt & Co,11771205433,VC | PMax | US,US,24347,455,147572424,6.74,332.76,EUR
2026-08-30,Volt & Co,11771205477,VC | Search | Brand US,US,3766,427,94739851,44.77,2432.87,EUR
2026-08-31,Nordkraft EU,11482093771,NK | Search | Brand,DE,3842,449,121779339,37.89,3011.16,EUR
2026-08-31,Nordkraft EU,11482093772,NK | Search | Brand,NL,1509,153,47868481,13.71,1093.93,EUR
2026-08-31,Nordkraft EU,11482093815,NK | Search | Generic DE,DE,9926,382,487568466,9.63,741.83,EUR
2026-08-31,Nordkraft EU,11482093815,NK | Search | Generic DE,AT,2219,96,41750523,1.62,101.34,EUR
2026-08-31,Nordkraft EU,11482094002,NK | PMax | EU Core,DE,25246,515,123075573,7.25,491.39,EUR
2026-08-31,Nordkraft EU,11482094002,NK | PMax | EU Core,FR,14207,220,46039123,2.71,185.4,EUR
2026-08-31,Aurelia Home,11603388120,AH | Shopping | UK,UK,22901,628,121376772,10.88,934.22,EUR
2026-08-31,Aurelia Home,11603388151,AH | Search | Generic,UK,6868,291,142674386,6.94,622.05,EUR
2026-08-31,Aurelia Home,11603388151,AH | Search | Generic,IE,1670,69,33602183,1.46,123.57,EUR
2026-08-31,Volt & Co,11771205433,VC | PMax | US,US,30288,604,191393424,8.43,424.73,EUR
2026-08-31,Volt & Co,11771205477,VC | Search | Brand US,US,4627,571,132710851,47.03,3020.03,EUR
2026-09-01,Nordkraft EU,11482093771,NK | Search | Brand,DE,4687,559,175041287,48.72,4698.32,EUR
2026-09-01,Nordkraft EU,11482093772,NK | Search | Brand,NL,1654,182,55073442,15.35,1180.92,EUR
2026-09-01,Nordkraft EU,11482093815,NK | Search | Generic DE,DE,10470,425,582839328,9.19,651.07,EUR
2026-09-01,Nordkraft EU,11482093815,NK | Search | Generic DE,AT,2335,85,34036792,2.09,134.31,EUR
2026-09-01,Nordkraft EU,11482094002,NK | PMax | EU Core,DE,20534,371,88764504,5.51,366.39,EUR
2026-09-01,Nordkraft EU,11482094002,NK | PMax | EU Core,FR,14924,242,54327503,2.62,149.92,EUR
2026-09-01,Aurelia Home,11603388120,AH | Shopping | UK,UK,18378,438,88533811,7.54,761.43,EUR
2026-09-01,Aurelia Home,11603388151,AH | Search | Generic,UK,7002,332,157365011,8.36,748.71,EUR
2026-09-01,Aurelia Home,11603388151,AH | Search | Generic,IE,1664,68,30706951,1.14,90.0,EUR
2026-09-01,Volt & Co,11771205433,VC | PMax | US,US,30748,677,192644597,7.85,393.24,EUR
2026-09-01,Volt & Co,11771205477,VC | Search | Brand US,US,4466,521,114371199,44.55,2561.25,EUR
2026-09-02,Nordkraft EU,11482093771,NK | Search | Brand,DE,3830,437,130131471,21.99,1593.67,EUR
2026-09-02,Nordkraft EU,11482093772,NK | Search | Brand,NL,1847,194,58069970,11.7,805.26,EUR
2026-09-02,Nordkraft EU,11482093815,NK | Search | Generic DE,DE,11653,433,602629061,6.32,473.63,EUR
2026-09-02,Nordkraft EU,11482093815,NK | Search | Generic DE,AT,2251,86,35986683,1.16,68.71,EUR
2026-09-02,Nordkraft EU,11482094002,NK | PMax | EU Core,DE,25847,507,112065393,5.31,409.27,EUR
2026-09-02,Nordkraft EU,11482094002,NK | PMax | EU Core,FR,15366,287,63463421,1.85,92.04,EUR
2026-09-02,Aurelia Home,11603388120,AH | Shopping | UK,UK,20532,512,91941801,5.37,524.45,EUR
2026-09-02,Aurelia Home,11603388151,AH | Search | Generic,UK,6077,265,153173680,3.54,338.61,EUR
2026-09-02,Aurelia Home,11603388151,AH | Search | Generic,IE,1510,63,32230991,0.9,83.46,EUR
2026-09-02,Volt & Co,11771205433,VC | PMax | US,US,26279,595,175013245,5.25,290.82,EUR
2026-09-02,Volt & Co,11771205477,VC | Search | Brand US,US,4825,637,145139900,33.65,2085.37,EUR
2026-09-03,Nordkraft EU,11482093771,NK | Search | Brand,DE,4365,542,151352680,13.87,1125.54,EUR
2026-09-03,Nordkraft EU,11482093772,NK | Search | Brand,NL,1638,181,53930263,5.89,381.53,EUR
2026-09-03,Nordkraft EU,11482093815,NK | Search | Generic DE,DE,10298,374,521951614,2.77,179.12,EUR
2026-09-03,Nordkraft EU,11482093815,NK | Search | Generic DE,AT,2457,75,31426424,0.47,28.48,EUR
2026-09-03,Nordkraft EU,11482094002,NK | PMax | EU Core,DE,26035,483,114685609,2.2,112.03,EUR
2026-09-03,Nordkraft EU,11482094002,NK | PMax | EU Core,FR,12684,230,44194190,0.86,50.36,EUR
2026-09-03,Aurelia Home,11603388120,AH | Shopping | UK,UK,23266,637,116983939,3.96,337.34,EUR
2026-09-03,Aurelia Home,11603388151,AH | Search | Generic,UK,7641,311,175444305,2.32,183.16,EUR
2026-09-03,Aurelia Home,11603388151,AH | Search | Generic,IE,1551,63,29342328,0.46,36.82,EUR
2026-09-03,Volt & Co,11771205433,VC | PMax | US,US,31015,671,207249644,2.82,154.59,EUR
2026-09-03,Volt & Co,11771205477,VC | Search | Brand US,US,4862,718,182032856,25.41,1895.7,EUR
