date_start,account_name,campaign_id,campaign_name,country,impressions,inline_link_clicks,spend,action_source,actions_purchase,action_values_purchase,currency
2026-07-06,Nordkraft EU,23861094778210411,NK | ABO | Prospecting EU,DE,50724,638,227.61,website_pixel,4.22,284.45,USD
2026-07-06,Nordkraft EU,23861094778210411,NK | ABO | Prospecting EU,DE,50724,638,227.61,conversions_api,5.1,385.55,USD
2026-07-06,Nordkraft EU,23861094778210411,NK | ABO | Prospecting EU,NL,18636,215,69.41,website_pixel,1.7,109.44,USD
2026-07-06,Nordkraft EU,23861094778210411,NK | ABO | Prospecting EU,NL,18636,215,69.41,conversions_api,2.03,155.97,USD
2026-07-06,Nordkraft EU,23861094778210633,NK | Retargeting | DPA,DE,11936,302,121.11,website_pixel,10.92,905.45,USD
2026-07-06,Nordkraft EU,23861094778210633,NK | Retargeting | DPA,DE,11936,302,121.11,conversions_api,12.65,988.69,USD
2026-07-06,Aurelia Home,23862331905540102,AH | Advantage+ Shopping,UK,64927,901,231.8,website_pixel,7.61,720.44,USD
2026-07-06,Aurelia Home,23862331905540102,AH | Advantage+ Shopping,UK,64927,901,231.8,conversions_api,9.05,697.64,USD
2026-07-06,Aurelia Home,23862331905540188,AH | Retargeting | UK,UK,8606,264,93.17,website_pixel,9.94,869.02,USD
2026-07-06,Aurelia Home,23862331905540188,AH | Retargeting | UK,UK,8606,264,93.17,conversions_api,11.63,954.19,USD
2026-07-06,Volt & Co,23874120558830977,VC | Prospecting | US,US,71166,974,424.73,website_pixel,7.52,381.95,USD
2026-07-06,Volt & Co,23874120558830977,VC | Prospecting | US,US,71166,974,424.73,conversions_api,9.44,503.48,USD
2026-07-06,Volt & Co,23874120558831044,VC | Retargeting | US,US,14273,418,172.11,website_pixel,14.3,897.88,USD
2026-07-06,Volt & Co,23874120558831044,VC | Retargeting | US,US,14273,418,172.11,conversions_api,16.78,894.82,USD
2026-07-07,Nordkraft EU,23861094778210411,NK | ABO | Prospecting EU,DE,46261,439,142.77,website_pixel,3.05,220.14,USD
2026-07-07,Nordkraft EU,23861094778210411,NK | ABO | Prospecting EU,DE,46261,439,142.77,conversions_api,3.76,265.47,USD
2026-07-07,Nordkraft EU,23861094778210411,NK | ABO | Prospecting EU,NL,14304,166,46.56,website_pixel,1.2,83.05,USD
2026-07-07,Nordkraft EU,23861094778210411,NK | ABO | Prospecting EU,NL,14304,166,46.56,conversions_api,1.5,100.57,USD
2026-07-07,Nordkraft EU,23861094778210633,NK | Retargeting | DPA,DE,11387,334,134.49,website_pixel,8.72,624.02,USD
2026-07-07,Nordkraft EU,23861094778210633,NK | Retargeting | DPA,DE,11387,334,134.49,conversions_api,10.96,832.27,USD
2026-07-07,Aurelia Home,23862331905540102,AH | Advantage+ Shopping,UK,57021,826,218.66,website_pixel,6.25,607.16,USD
2026-07-07,Aurelia Home,23862331905540102,AH | Advantage+ Shopping,UK,57021,826,218.66,conversions_api,7.51,736.63,USD
2026-07-07,Aurelia Home,23862331905540188,AH | Retargeting | UK,UK,10879,314,112.46,website_pixel,12.66,1178.57,USD
2026-07-07,Aurelia Home,23862331905540188,AH | Retargeting | UK,UK,10879,314,112.46,conversions_api,15.08,1248.88,USD
2026-07-07,Volt & Co,23874120558830977,VC | Prospecting | US,US,69968,825,282.86,website_pixel,5.26,289.49,USD
2026-07-07,Volt & Co,23874120558830977,VC | Prospecting | US,US,69968,825,282.86,conversions_api,6.51,358.87,USD
2026-07-07,Volt & Co,23874120558831044,VC | Retargeting | US,US,12631,348,133.2,website_pixel,11.04,693.14,USD
2026-07-07,Volt & Co,23874120558831044,VC | Retargeting | US,US,12631,348,133.2,conversions_api,12.96,698.08,USD
2026-07-08,Nordkraft EU,23861094778210411,NK | ABO | Prospecting EU,DE,53747,571,177.18,website_pixel,5.11,380.71,USD
2026-07-08,Nordkraft EU,23861094778210411,NK | ABO | Prospecting EU,DE,53747,571,177.18,conversions_api,5.74,405.9,USD
2026-07-08,Nordkraft EU,23861094778210411,NK | ABO | Prospecting EU,NL,14464,138,41.78,website_pixel,0.9,62.51,USD
2026-07-08,Nordkraft EU,23861094778210411,NK | ABO | Prospecting EU,NL,14464,138,41.78,conversions_api,1.12,78.17,USD
2026-07-08,Nordkraft EU,23861094778210633,NK | Retargeting | DPA,DE,12186,357,158.96,website_pixel,12.26,1030.93,USD
2026-07-08,Nordkraft EU,23861094778210633,NK | Retargeting | DPA,DE,12186,357,158.96,conversions_api,14.65,1004.46,USD
2026-07-08,Aurelia Home,23862331905540102,AH | Advantage+ Shopping,UK,80173,1140,316.01,website_pixel,11.35,1163.7,USD
2026-07-08,Aurelia Home,23862331905540102,AH | Advantage+ Shopping,UK,80173,1140,316.01,conversions_api,12.67,1010.46,USD
2026-07-08,Aurelia Home,23862331905540188,AH | Retargeting | UK,UK,10427,309,112.07,website_pixel,10.03,918.91,USD
2026-07-08,Aurelia Home,23862331905540188,AH | Retargeting | UK,UK,10427,309,112.07,conversions_api,11.72,1160.07,USD
2026-07-08,Volt & Co,23874120558830977,VC | Prospecting | US,US,71946,1071,475.65,website_pixel,7.98,399.46,USD
2026-07-08,Volt & Co,23874120558830977,VC | Prospecting | US,US,71946,1071,475.65,conversions_api,9.48,547.48,USD
2026-07-08,Volt & Co,23874120558831044,VC | Retargeting | US,US,13542,368,173.01,website_pixel,11.43,558.11,USD
2026-07-08,Volt & Co,23874120558831044,VC | Retargeting | US,US,13542,368,173.01,conversions_api,13.62,845.59,USD
2026-07-09,Nordkraft EU,23861094778210411,NK | ABO | Prospecting EU,DE,58562,749,280.72,website_pixel,5.2,334.38,USD
2026-07-09,Nordkraft EU,23861094778210411,NK | ABO | Prospecting EU,DE,58562,749,280.72,conversions_api,6.13,425.32,USD
2026-07-09,Nordkraft EU,23861094778210411,NK | ABO | Prospecting EU,NL,20725,238,64.34,website_pixel,1.34,97.0,USD
2026-07-09,Nordkraft EU,23861094778210411,NK | ABO | Prospecting EU,NL,20725,238,64.34,conversions_api,1.68,139.84,USD
2026-07-09,Nordkraft EU,23861094778210633,NK | Retargeting | DPA,DE,12717,313,141.1,website_pixel,11.42,841.6,USD
2026-07-09,Nordkraft EU,23861094778210633,NK | Retargeting | DPA,DE,12717,313,141.1,conversions_api,14.4,1214.29,USD
2026-07-09,Aurelia Home,23862331905540102,AH | Advantage+ Shopping,UK,65043,804,226.36,website_pixel,5.03,532.23,USD
2026-07-09,Aurelia Home,23862331905540102,AH | Advantage+ Shopping,UK,65043,804,226.36,conversions_api,6.04,574.86,USD
2026-07-09,Aurelia Home,23862331905540188,AH | Retargeting | UK,UK,8552,279,107.29,website_pixel,12.87,1397.65,USD
2026-07-09,Aurelia Home,23862331905540188,AH | Retargeting | UK,UK,8552,279,107.29,conversions_api,14.86,1563.01,USD
2026-07-09,Volt & Co,23874120558830977,VC | Prospecting | US,US,76573,995,381.61,website_pixel,5.98,302.19,USD
2026-07-09,Volt & Co,23874120558830977,VC | Prospecting | US,US,76573,995,381.61,conversions_api,7.38,393.03,USD
2026-07-09,Volt & Co,23874120558831044,VC | Retargeting | US,US,16306,457,215.2,website_pixel,17.28,1061.84,USD
2026-07-09,Volt & Co,23874120558831044,VC | Retargeting | US,US,16306,457,215.2,conversions_api,20.74,1173.63,USD
2026-07-10,Nordkraft EU,23861094778210411,NK | ABO | Prospecting EU,DE,55377,704,219.41,website_pixel,5.88,409.91,USD
2026-07-10,Nordkraft EU,23861094778210411,NK | ABO | Prospecting EU,DE,55377,704,219.41,conversions_api,6.61,490.32,USD
2026-07-10,Nordkraft EU,23861094778210411,NK | ABO | Prospecting EU,NL,20286,212,65.87,website_pixel,1.21,92.47,USD
2026-07-10,Nordkraft EU,23861094778210411,NK | ABO | Prospecting EU,NL,20286,212,65.87,conversions_api,1.48,105.76,USD
2026-07-10,Nordkraft EU,23861094778210633,NK | Retargeting | DPA,DE,10708,322,131.46,website_pixel,11.37,801.27,USD
2026-07-10,Nordkraft EU,23861094778210633,NK | Retargeting | DPA,DE,10708,322,131.46,conversions_api,13.22,1008.77,USD
2026-07-10,Aurelia Home,23862331905540102,AH | Advantage+ Shopping,UK,59329,715,180.61,website_pixel,7.62,628.09,USD
2026-07-10,Aurelia Home,23862331905540102,AH | Advantage+ Shopping,UK,59329,715,180.61,conversions_api,8.95,719.28,USD
2026-07-10,Aurelia Home,23862331905540188,AH | Retargeting | UK,UK,8953,307,109.08,website_pixel,13.9,1426.39,USD
2026-07-10,Aurelia Home,23862331905540188,AH | Retargeting | UK,UK,8953,307,109.08,conversions_api,16.34,1387.43,USD
2026-07-10,Volt & Co,23874120558830977,VC | Prospecting | US,US,82219,1032,426.8,website_pixel,6.86,369.28,USD
2026-07-10,Volt & Co,23874120558830977,VC | Prospecting | US,US,82219,1032,426.8,conversions_api,8.12,415.74,USD
2026-07-10,Volt & Co,23874120558831044,VC | Retargeting | US,US,14728,405,170.1,website_pixel,16.98,909.91,USD
2026-07-10,Volt & Co,23874120558831044,VC | Retargeting | US,US,14728,405,170.1,conversions_api,19.48,1194.07,USD
2026-07-11,Nordkraft EU,23861094778210411,NK | ABO | Prospecting EU,DE,38249,419,152.77,website_pixel,2.6,179.93,USD
2026-07-11,Nordkraft EU,23861094778210411,NK | ABO | Prospecting EU,DE,38249,419,152.77,conversions_api,3.0,208.49,USD
2026-07-11,Nordkraft EU,23861094778210411,NK | ABO | Prospecting EU,NL,17230,206,58.23,website_pixel,1.61,97.14,USD
2026-07-11,Nordkraft EU,23861094778210411,NK | ABO | Prospecting EU,NL,17230,206,58.23,conversions_api,1.91,129.55,USD
2026-07-11,Nordkraft EU,23861094778210633,NK | Retargeting | DPA,DE,10995,362,155.87,website_pixel,10.72,884.04,USD
2026-07-11,Nordkraft EU,23861094778210633,NK | Retargeting | DPA,DE,10995,362,155.87,conversions_api,12.55,1023.02,USD
2026-07-11,Aurelia Home,23862331905540102,AH | Advantage+ Shopping,UK,57503,817,219.47,website_pixel,6.13,602.13,USD
2026-07-11,Aurelia Home,23862331905540102,AH | Advantage+ Shopping,UK,57503,817,219.47,conversions_api,7.82,756.72,USD
2026-07-11,Aurelia Home,23862331905540188,AH | Retargeting | UK,UK,8289,226,85.03,website_pixel,10.98,1069.4,USD
2026-07-11,Aurelia Home,23862331905540188,AH | Retargeting | UK,UK,8289,226,85.03,conversions_api,13.03,1316.4,USD
2026-07-11,Volt & Co,23874120558830977,VC | Prospecting | US,US,78568,931,368.25,website_pixel,6.05,313.04,USD
2026-07-11,Volt & Co,23874120558830977,VC | Prospecting | US,US,78568,931,368.25,conversions_api,7.34,433.1,USD
2026-07-11,Volt & Co,23874120558831044,VC | Retargeting | US,US,14555,424,181.64,website_pixel,18.48,1010.62,USD
2026-07-11,Volt & Co,23874120558831044,VC | Retargeting | US,US,14555,424,181.64,conversions_api,22.34,1065.74,USD
2026-07-12,Nordkraft EU,23861094778210411,NK | ABO | Prospecting EU,DE,48134,628,249.66,website_pixel,4.18,298.86,USD
2026-07-12,Nordkraft EU,23861094778210411,NK | ABO | Prospecting EU,DE,48134,628,249.66,conversions_api,4.73,362.9,USD
2026-07-12,Nordkraft EU,23861094778210411,NK | ABO | Prospecting EU,NL,13523,172,54.44,website_pixel,1.25,79.65,USD
2026-07-12,Nordkraft EU,23861094778210411,NK | ABO | Prospecting EU,NL,13523,172,54.44,conversions_api,1.45,94.25,USD
2026-07-12,Nordkraft EU,23861094778210633,NK | Retargeting | DPA,DE,9075,224,97.38,website_pixel,8.69,683.44,USD
2026-07-12,Nordkraft EU,23861094778210633,NK | Retargeting | DPA,DE,9075,224,97.38,conversions_api,10.61,784.95,USD
2026-07-12,Aurelia Home,23862331905540102,AH | Advantage+ Shopping,UK,54941,720,182.38,website_pixel,7.13,814.32,USD
2026-07-12,Aurelia Home,23862331905540102,AH | Advantage+ Shopping,UK,54941,720,182.38,conversions_api,8.51,812.19,USD
2026-07-12,Aurelia Home,23862331905540188,AH | Retargeting | UK,UK,7027,235,88.34,website_pixel,10.25,938.93,USD
2026-07-12,Aurelia Home,23862331905540188,AH | Retargeting | UK,UK,7027,235,88.34,conversions_api,11.7,1132.01,USD
2026-07-12,Volt & Co,23874120558830977,VC | Prospecting | US,US,63114,730,279.45,website_pixel,6.39,287.55,USD
2026-07-12,Volt & Co,23874120558830977,VC | Prospecting | US,US,63114,730,279.45,conversions_api,7.54,331.08,USD
2026-07-12,Volt & Co,23874120558831044,VC | Retargeting | US,US,14399,402,168.86,website_pixel,12.28,813.6,USD
2026-07-12,Volt & Co,23874120558831044,VC | Retargeting | US,US,14399,402,168.86,conversions_api,15.43,859.76,USD
2026-07-13,Nordkraft EU,23861094778210411,NK | ABO | Prospecting EU,DE,55916,679,253.96,website_pixel,5.59,425.43,USD
2026-07-13,Nordkraft EU,23861094778210411,NK | ABO | Prospecting EU,DE,55916,679,253.96,conversions_api,6.46,487.25,USD
2026-07-13,Nordkraft EU,23861094778210411,NK | ABO | Prospecting EU,NL,19976,223,75.87,website_pixel,1.4,96.74,USD
2026-07-13,Nordkraft EU,23861094778210411,NK | ABO | Prospecting EU,NL,19976,223,75.87,conversions_api,1.67,119.87,USD
2026-07-13,Nordkraft EU,23861094778210633,NK | Retargeting | DPA,DE,10612,316,128.03,website_pixel,8.65,585.05,USD
2026-07-13,Nordkraft EU,23861094778210633,NK | Retargeting | DPA,DE,10612,316,128.03,conversions_api,10.29,646.4,USD
2026-07-13,Aurelia Home,23862331905540102,AH | Advantage+ Shopping,UK,62699,899,251.68,website_pixel,7.85,644.25,USD
2026-07-13,Aurelia Home,23862331905540102,AH | Advantage+ Shopping,UK,62699,899,251.68,conversions_api,10.04,1142.03,USD
2026-07-13,Aurelia Home,23862331905540188,AH | Retargeting | UK,UK,8064,258,88.41,website_pixel,9.74,1008.12,USD
2026-07-13,Aurelia Home,23862331905540188,AH | Retargeting | UK,UK,8064,258,88.41,conversions_api,11.86,1178.18,USD
2026-07-13,Volt & Co,23874120558830977,VC | Prospecting | US,US,71237,842,334.54,website_pixel,5.32,349.3,USD
2026-07-13,Volt & Co,23874120558830977,VC | Prospecting | US,US,71237,842,334.54,conversions_api,6.24,368.29,USD
2026-07-13,Volt & Co,23874120558831044,VC | Retargeting | US,US,15297,427,162.38,website_pixel,12.36,660.26,USD
2026-07-13,Volt & Co,23874120558831044,VC | Retargeting | US,US,15297,427,162.38,conversions_api,14.07,759.0,USD
2026-07-14,Nordkraft EU,23861094778210411,NK | ABO | Prospecting EU,DE,47804,529,164.41,website_pixel,3.93,258.35,USD
2026-07-14,Nordkraft EU,23861094778210411,NK | ABO | Prospecting EU,DE,47804,529,164.41,conversions_api,4.83,316.14,USD
2026-07-14,Nordkraft EU,23861094778210411,NK | ABO | Prospecting EU,NL,20381,228,67.54,website_pixel,1.75,117.39,USD
2026-07-14,Nordkraft EU,23861094778210411,NK | ABO | Prospecting EU,NL,20381,228,67.54,conversions_api,2.09,150.99,USD
2026-07-14,Nordkraft EU,23861094778210633,NK | Retargeting | DPA,DE,11979,343,141.42,website_pixel,10.29,842.19,USD
2026-07-14,Nordkraft EU,23861094778210633,NK | Retargeting | DPA,DE,11979,343,141.42,conversions_api,12.63,1002.59,USD
2026-07-14,Aurelia Home,23862331905540102,AH | Advantage+ Shopping,UK,64977,917,248.39,website_pixel,9.03,936.02,USD
2026-07-14,Aurelia Home,23862331905540102,AH | Advantage+ Shopping,UK,64977,917,248.39,conversions_api,10.4,978.04,USD
2026-07-14,Aurelia Home,23862331905540188,AH | Retargeting | UK,UK,10522,327,122.93,website_pixel,13.07,1186.62,USD
2026-07-14,Aurelia Home,23862331905540188,AH | Retargeting | UK,UK,10522,327,122.93,conversions_api,15.42,1617.15,USD
2026-07-14,Volt & Co,23874120558830977,VC | Prospecting | US,US,98560,1233,483.26,website_pixel,8.44,506.66,USD
2026-07-14,Volt & Co,23874120558830977,VC | Prospecting | US,US,98560,1233,483.26,conversions_api,10.22,495.68,USD
2026-07-14,Volt & Co,23874120558831044,VC | Retargeting | US,US,13461,330,137.5,website_pixel,8.78,651.81,USD
2026-07-14,Volt & Co,23874120558831044,VC | Retargeting | US,US,13461,330,137.5,conversions_api,10.22,571.02,USD
2026-07-15,Nordkraft EU,23861094778210411,NK | ABO | Prospecting EU,DE,39835,517,166.84,website_pixel,4.62,307.3,USD
2026-07-15,Nordkraft EU,23861094778210411,NK | ABO | Prospecting EU,DE,39835,517,166.84,conversions_api,5.56,387.73,USD
2026-07-15,Nordkraft EU,23861094778210411,NK | ABO | Prospecting EU,NL,20917,234,67.76,website_pixel,1.55,111.2,USD
2026-07-15,Nordkraft EU,23861094778210411,NK | ABO | Prospecting EU,NL,20917,234,67.76,conversions_api,1.94,109.94,USD
2026-07-15,Nordkraft EU,23861094778210633,NK | Retargeting | DPA,DE,10632,327,136.91,website_pixel,12.1,1027.17,USD
2026-07-15,Nordkraft EU,23861094778210633,NK | Retargeting | DPA,DE,10632,327,136.91,conversions_api,14.44,1198.92,USD
2026-07-15,Aurelia Home,23862331905540102,AH | Advantage+ Shopping,UK,65030,964,273.95,website_pixel,7.56,748.39,USD
2026-07-15,Aurelia Home,23862331905540102,AH | Advantage+ Shopping,UK,65030,964,273.95,conversions_api,9.45,946.78,USD
2026-07-15,Aurelia Home,23862331905540188,AH | Retargeting | UK,UK,10243,289,97.44,website_pixel,11.68,928.79,USD
2026-07-15,Aurelia Home,23862331905540188,AH | Retargeting | UK,UK,10243,289,97.44,conversions_api,13.94,1417.36,USD
2026-07-15,Volt & Co,23874120558830977,VC | Prospecting | US,US,59876,714,304.81,website_pixel,6.25,314.29,USD
2026-07-15,Volt & Co,23874120558830977,VC | Prospecting | US,US,59876,714,304.81,conversions_api,7.77,405.76,USD
2026-07-15,Volt & Co,23874120558831044,VC | Retargeting | US,US,17014,459,195.22,website_pixel,18.19,1131.21,USD
2026-07-15,Volt & Co,23874120558831044,VC | Retargeting | US,US,17014,459,195.22,conversions_api,21.95,1085.04,USD
2026-07-16,Nordkraft EU,23861094778210411,NK | ABO | Prospecting EU,DE,47944,503,158.38,website_pixel,4.3,295.56,USD
2026-07-16,Nordkraft EU,23861094778210411,NK | ABO | Prospecting EU,DE,47944,503,158.38,conversions_api,5.13,336.96,USD
2026-07-16,Nordkraft EU,23861094778210411,NK | ABO | Prospecting EU,NL,18873,220,70.54,website_pixel,1.0,70.1,USD
2026-07-16,Nordkraft EU,23861094778210411,NK | ABO | Prospecting EU,NL,18873,220,70.54,conversions_api,1.23,84.03,USD
2026-07-16,Nordkraft EU,23861094778210633,NK | Retargeting | DPA,DE,11695,346,138.83,website_pixel,11.0,932.03,USD
2026-07-16,Nordkraft EU,23861094778210633,NK | Retargeting | DPA,DE,11695,346,138.83,conversions_api,13.21,930.47,USD
2026-07-16,Aurelia Home,23862331905540102,AH | Advantage+ Shopping,UK,61669,864,258.76,website_pixel,7.5,800.28,USD
2026-07-16,Aurelia Home,23862331905540102,AH | Advantage+ Shopping,UK,61669,864,258.76,conversions_api,8.63,814.62,USD
2026-07-16,Aurelia Home,23862331905540188,AH | Retargeting | UK,UK,8950,266,94.05,website_pixel,11.39,1142.48,USD
2026-07-16,Aurelia Home,23862331905540188,AH | Retargeting | UK,UK,8950,266,94.05,conversions_api,13.45,1169.78,USD
2026-07-16,Volt & Co,23874120558830977,VC | Prospecting | US,US,67315,1017,391.69,website_pixel,7.11,380.14,USD
2026-07-16,Volt & Co,23874120558830977,VC | Prospecting | US,US,67315,1017,391.69,conversions_api,8.05,442.8,USD
2026-07-16,Volt & Co,23874120558831044,VC | Retargeting | US,US,14036,384,166.95,website_pixel,10.5,627.03,USD
2026-07-16,Volt & Co,23874120558831044,VC | Retargeting | US,US,14036,384,166.95,conversions_api,12.54,861.91,USD
2026-07-17,Nordkraft EU,23861094778210411,NK | ABO | Prospecting EU,DE,49413,486,164.15,website_pixel,5.25,342.52,USD
2026-07-17,Nordkraft EU,23861094778210411,NK | ABO | Prospecting EU,DE,49413,486,164.15,conversions_api,6.06,455.69,USD
2026-07-17,Nordkraft EU,23861094778210411,NK | ABO | Prospecting EU,NL,17795,181,52.98,website_pixel,1.22,74.51,USD
2026-07-17,Nordkraft EU,23861094778210411,NK | ABO | Prospecting EU,NL,17795,181,52.98,conversions_api,1.56,107.75,USD
2026-07-17,Nordkraft EU,23861094778210633,NK | Retargeting | DPA,DE,10714,321,120.42,website_pixel,11.57,1023.77,USD
2026-07-17,Nordkraft EU,23861094778210633,NK | Retargeting | DPA,DE,10714,321,120.42,conversions_api,14.38,905.37,USD
2026-07-17,Aurelia Home,23862331905540102,AH | Advantage+ Shopping,UK,54732,781,235.44,website_pixel,7.25,689.96,USD
2026-07-17,Aurelia Home,23862331905540102,AH | Advantage+ Shopping,UK,54732,781,235.44,conversions_api,8.46,721.21,USD
2026-07-17,Aurelia Home,23862331905540188,AH | Retargeting | UK,UK,8683,239,78.34,website_pixel,9.23,933.44,USD
2026-07-17,Aurelia Home,23862331905540188,AH | Retargeting | UK,UK,8683,239,78.34,conversions_api,11.44,975.17,USD
2026-07-17,Volt & Co,23874120558830977,VC | Prospecting | US,US,77926,966,413.83,website_pixel,7.77,373.51,USD
2026-07-17,Volt & Co,23874120558830977,VC | Prospecting | US,US,77926,966,413.83,conversions_api,8.86,463.31,USD
2026-07-17,Volt & Co,23874120558831044,VC | Retargeting | US,US,12736,346,149.45,website_pixel,10.02,499.01,USD
2026-07-17,Volt & Co,23874120558831044,VC | Retargeting | US,US,12736,346,149.45,conversions_api,12.47,554.04,USD
2026-07-18,Nordkraft EU,23861094778210411,NK | ABO | Prospecting EU,DE,37271,474,143.13,website_pixel,3.2,212.74,USD
2026-07-18,Nordkraft EU,23861094778210411,NK | ABO | Prospecting EU,DE,37271,474,143.13,conversions_api,3.59,263.07,USD
2026-07-18,Nordkraft EU,23861094778210411,NK | ABO | Prospecting EU,NL,17872,215,57.63,website_pixel,1.4,120.23,USD
2026-07-18,Nordkraft EU,23861094778210411,NK | ABO | Prospecting EU,NL,17872,215,57.63,conversions_api,1.77,102.65,USD
2026-07-18,Nordkraft EU,23861094778210633,NK | Retargeting | DPA,DE,8550,227,83.32,website_pixel,9.99,723.12,USD
2026-07-18,Nordkraft EU,23861094778210633,NK | Retargeting | DPA,DE,8550,227,83.32,conversions_api,10.94,721.65,USD
2026-07-18,Aurelia Home,23862331905540102,AH | Advantage+ Shopping,UK,40406,547,144.42,website_pixel,4.41,435.51,USD
2026-07-18,Aurelia Home,23862331905540102,AH | Advantage+ Shopping,UK,40406,547,144.42,conversions_api,5.21,510.94,USD
2026-07-18,Aurelia Home,23862331905540188,AH | Retargeting | UK,UK,7632,212,79.88,website_pixel,8.37,885.07,USD
2026-07-18,Aurelia Home,23862331905540188,AH | Retargeting | UK,UK,7632,212,79.88,conversions_api,9.66,812.08,USD
2026-07-18,Volt & Co,23874120558830977,VC | Prospecting | US,US,54758,664,239.81,website_pixel,5.46,315.13,USD
2026-07-18,Volt & Co,23874120558830977,VC | Prospecting | US,US,54758,664,239.81,conversions_api,6.42,347.08,USD
2026-07-18,Volt & Co,23874120558831044,VC | Retargeting | US,US,12582,387,175.88,website_pixel,13.74,806.1,USD
2026-07-18,Volt & Co,23874120558831044,VC | Retargeting | US,US,12582,387,175.88,conversions_api,15.54,873.89,USD
2026-07-19,Nordkraft EU,23861094778210411,NK | ABO | Prospecting EU,DE,38353,490,181.03,website_pixel,3.94,224.63,USD
2026-07-19,Nordkraft EU,23861094778210411,NK | ABO | Prospecting EU,DE,38353,490,181.03,conversions_api,4.48,316.32,USD
2026-07-19,Nordkraft EU,23861094778210411,NK | ABO | Prospecting EU,NL,16649,179,62.66,website_pixel,1.25,86.47,USD
2026-07-19,Nordkraft EU,23861094778210411,NK | ABO | Prospecting EU,NL,16649,179,62.66,conversions_api,1.51,83.32,USD
2026-07-19,Nordkraft EU,23861094778210633,NK | Retargeting | DPA,DE,8872,278,108.96,website_pixel,8.94,770.5,USD
2026-07-19,Nordkraft EU,23861094778210633,NK | Retargeting | DPA,DE,8872,278,108.96,conversions_api,10.17,812.88,USD
2026-07-19,Aurelia Home,23862331905540102,AH | Advantage+ Shopping,UK,51000,690,175.81,website_pixel,5.05,450.1,USD
2026-07-19,Aurelia Home,23862331905540102,AH | Advantage+ Shopping,UK,51000,690,175.81,conversions_api,6.25,532.31,USD
2026-07-19,Aurelia Home,23862331905540188,AH | Retargeting | UK,UK,6559,204,74.65,website_pixel,9.29,937.38,USD
2026-07-19,Aurelia Home,23862331905540188,AH | Retargeting | UK,UK,6559,204,74.65,conversions_api,11.33,1145.06,USD
2026-07-19,Volt & Co,23874120558830977,VC | Prospecting | US,US,63311,865,355.66,website_pixel,6.61,331.43,USD
2026-07-19,Volt & Co,23874120558830977,VC | Prospecting | US,US,63311,865,355.66,conversions_api,7.94,356.41,USD
2026-07-19,Volt & Co,23874120558831044,VC | Retargeting | US,US,11229,300,121.61,website_pixel,11.06,583.23,USD
2026-07-19,Volt & Co,23874120558831044,VC | Retargeting | US,US,11229,300,121.61,conversions_api,12.62,752.71,USD
2026-07-20,Nordkraft EU,23861094778210411,NK | ABO | Prospecting EU,DE,43612,515,166.64,website_pixel,4.19,327.59,USD
2026-07-20,Nordkraft EU,23861094778210411,NK | ABO | Prospecting EU,DE,43612,515,166.64,conversions_api,5.11,353.9,USD
2026-07-20,Nordkraft EU,23861094778210411,NK | ABO | Prospecting EU,NL,18087,186,56.79,website_pixel,1.5,126.67,USD
2026-07-20,Nordkraft EU,23861094778210411,NK | ABO | Prospecting EU,NL,18087,186,56.79,conversions_api,1.76,138.8,USD
2026-07-20,Nordkraft EU,23861094778210633,NK | Retargeting | DPA,DE,10896,308,130.43,website_pixel,9.85,775.67,USD
2026-07-20,Nordkraft EU,23861094778210633,NK | Retargeting | DPA,DE,10896,308,130.43,conversions_api,11.25,876.93,USD
2026-07-20,Aurelia Home,23862331905540102,AH | Advantage+ Shopping,UK,67263,1056,288.53,website_pixel,9.58,998.16,USD
2026-07-20,Aurelia Home,23862331905540102,AH | Advantage+ Shopping,UK,67263,1056,288.53,conversions_api,10.82,994.91,USD
2026-07-20,Aurelia Home,23862331905540188,AH | Retargeting | UK,UK,9232,286,105.57,website_pixel,8.51,759.97,USD
2026-07-20,Aurelia Home,23862331905540188,AH | Retargeting | UK,UK,9232,286,105.57,conversions_api,10.72,949.21,USD
2026-07-20,Volt & Co,23874120558830977,VC | Prospecting | US,US,70492,956,368.43,website_pixel,6.93,343.72,USD
2026-07-20,Volt & Co,23874120558830977,VC | Prospecting | US,US,70492,956,368.43,conversions_api,8.63,475.11,USD
2026-07-20,Volt & Co,23874120558831044,VC | Retargeting | US,US,15292,405,180.22,website_pixel,17.4,939.24,USD
2026-07-20,Volt & Co,23874120558831044,VC | Retargeting | US,US,15292,405,180.22,conversions_api,20.73,1181.45,USD
2026-07-21,Nordkraft EU,23861094778210411,NK | ABO | Prospecting EU,DE,49796,595,201.86,website_pixel,3.61,252.48,USD
2026-07-21,Nordkraft EU,23861094778210411,NK | ABO | Prospecting EU,DE,49796,595,201.86,conversions_api,4.45,310.73,USD
2026-07-21,Nordkraft EU,23861094778210411,NK | ABO | Prospecting EU,NL,18298,206,62.06,website_pixel,1.64,117.68,USD
2026-07-21,Nordkraft EU,23861094778210411,NK | ABO | Prospecting EU,NL,18298,206,62.06,conversions_api,1.95,127.26,USD
2026-07-21,Nordkraft EU,23861094778210633,NK | Retargeting | DPA,DE,12008,359,156.11,website_pixel,13.79,1037.73,USD
2026-07-21,Nordkraft EU,23861094778210633,NK | Retargeting | DPA,DE,12008,359,156.11,conversions_api,16.08,1252.01,USD
2026-07-21,Aurelia Home,23862331905540102,AH | Advantage+ Shopping,UK,69976,915,236.18,website_pixel,8.3,723.52,USD
2026-07-21,Aurelia Home,23862331905540102,AH | Advantage+ Shopping,UK,69976,915,236.18,conversions_api,9.74,918.38,USD
2026-07-21,Aurelia Home,23862331905540188,AH | Retargeting | UK,UK,9147,230,81.53,website_pixel,8.56,957.66,USD
2026-07-21,Aurelia Home,23862331905540188,AH | Retargeting | UK,UK,9147,230,81.53,conversions_api,10.25,882.37,USD
2026-07-21,Volt & Co,23874120558830977,VC | Prospecting | US,US,69104,705,265.69,website_pixel,4.85,280.14,USD
2026-07-21,Volt & Co,23874120558830977,VC | Prospecting | US,US,69104,705,265.69,conversions_api,5.88,332.07,USD
2026-07-21,Volt & Co,23874120558831044,VC | Retargeting | US,US,14501,395,186.28,website_pixel,12.79,614.51,USD
2026-07-21,Volt & Co,23874120558831044,VC | Retargeting | US,US,14501,395,186.28,conversions_api,15.68,869.31,USD
2026-07-22,Nordkraft EU,23861094778210411,NK | ABO | Prospecting EU,DE,53482,765,261.22,website_pixel,5.1,382.09,USD
2026-07-22,Nordkraft EU,23861094778210411,NK | ABO | Prospecting EU,DE,53482,765,261.22,conversions_api,6.34,370.71,USD
2026-07-22,Nordkraft EU,23861094778210411,NK | ABO | Prospecting EU,NL,20731,252,77.91,website_pixel,1.78,124.92,USD
2026-07-22,Nordkraft EU,23861094778210411,NK | ABO | Prospecting EU,NL,20731,252,77.91,conversions_api,2.08,132.35,USD
2026-07-22,Nordkraft EU,23861094778210633,NK | Retargeting | DPA,DE,13620,384,165.99,website_pixel,9.48,826.3,USD
2026-07-22,Nordkraft EU,23861094778210633,NK | Retargeting | DPA,DE,13620,384,165.99,conversions_api,10.79,822.49,USD
2026-07-22,Aurelia Home,23862331905540102,AH | Advantage+ Shopping,UK,66614,960,247.54,website_pixel,8.72,777.97,USD
2026-07-22,Aurelia Home,23862331905540102,AH | Advantage+ Shopping,UK,66614,960,247.54,conversions_api,10.69,1130.0,USD
2026-07-22,Aurelia Home,23862331905540188,AH | Retargeting | UK,UK,10252,295,100.75,website_pixel,10.6,934.92,USD
2026-07-22,Aurelia Home,23862331905540188,AH | Retargeting | UK,UK,10252,295,100.75,conversions_api,12.3,1248.4,USD
2026-07-22,Volt & Co,23874120558830977,VC | Prospecting | US,US,82386,1055,440.54,website_pixel,7.43,348.6,USD
2026-07-22,Volt & Co,23874120558830977,VC | Prospecting | US,US,82386,1055,440.54,conversions_api,8.92,511.02,USD
2026-07-22,Volt & Co,23874120558831044,VC | Retargeting | US,US,13189,381,166.8,website_pixel,10.76,710.38,USD
2026-07-22,Volt & Co,23874120558831044,VC | Retargeting | US,US,13189,381,166.8,conversions_api,13.09,774.53,USD
2026-07-23,Nordkraft EU,23861094778210411,NK | ABO | Prospecting EU,DE,43977,545,183.4,website_pixel,6.17,421.4,USD
2026-07-23,Nordkraft EU,23861094778210411,NK | ABO | Prospecting EU,DE,43977,545,183.4,conversions_api,7.27,589.47,USD
2026-07-23,Nordkraft EU,23861094778210411,NK | ABO | Prospecting EU,NL,15616,179,61.2,website_pixel,1.18,78.2,USD
2026-07-23,Nordkraft EU,23861094778210411,NK | ABO | Prospecting EU,NL,15616,179,61.2,conversions_api,1.5,118.55,USD
2026-07-23,Nordkraft EU,23861094778210633,NK | Retargeting | DPA,DE,11806,319,124.52,website_pixel,10.32,889.28,USD
2026-07-23,Nordkraft EU,23861094778210633,NK | Retargeting | DPA,DE,11806,319,124.52,conversions_api,12.13,1018.9,USD
2026-07-23,Aurelia Home,23862331905540102,AH | Advantage+ Shopping,UK,66020,814,199.35,website_pixel,7.24,672.29,USD
2026-07-23,Aurelia Home,23862331905540102,AH | Advantage+ Shopping,UK,66020,814,199.35,conversions_api,9.05,885.9,USD
2026-07-23,Aurelia Home,23862331905540188,AH | Retargeting | UK,UK,8115,227,81.18,website_pixel,9.59,996.87,USD
2026-07-23,Aurelia Home,23862331905540188,AH | Retargeting | UK,UK,8115,227,81.18,conversions_api,11.0,1085.94,USD
2026-07-23,Volt & Co,23874120558830977,VC | Prospecting | US,US,70005,826,310.62,website_pixel,6.51,267.43,USD
2026-07-23,Volt & Co,23874120558830977,VC | Prospecting | US,US,70005,826,310.62,conversions_api,7.66,367.02,USD
2026-07-23,Volt & Co,23874120558831044,VC | Retargeting | US,US,16340,462,183.12,website_pixel,20.16,1214.22,USD
2026-07-23,Volt & Co,23874120558831044,VC | Retargeting | US,US,16340,462,183.12,conversions_api,24.02,1448.82,USD
2026-07-24,Nordkraft EU,23861094778210411,NK | ABO | Prospecting EU,DE,47551,542,211.65,website_pixel,4.87,365.7,USD
2026-07-24,Nordkraft EU,23861094778210411,NK | ABO | Prospecting EU,DE,47551,542,211.65,conversions_api,5.64,360.26,USD
2026-07-24,Nordkraft EU,23861094778210411,NK | ABO | Prospecting EU,NL,22372,238,72.82,website_pixel,1.24,88.28,USD
2026-07-24,Nordkraft EU,23861094778210411,NK | ABO | Prospecting EU,NL,22372,238,72.82,conversions_api,1.59,100.83,USD
2026-07-24,Nordkraft EU,23861094778210633,NK | Retargeting | DPA,DE,8872,268,126.19,website_pixel,10.8,821.53,USD
2026-07-24,Nordkraft EU,23861094778210633,NK | Retargeting | DPA,DE,8872,268,126.19,conversions_api,12.97,1073.22,USD
2026-07-24,Aurelia Home,23862331905540102,AH | Advantage+ Shopping,UK,70750,950,257.11,website_pixel,8.79,823.94,USD
2026-07-24,Aurelia Home,23862331905540102,AH | Advantage+ Shopping,UK,70750,950,257.11,conversions_api,10.27,963.93,USD
2026-07-24,Aurelia Home,23862331905540188,AH | Retargeting | UK,UK,10702,358,133.19,website_pixel,16.51,1880.57,USD
2026-07-24,Aurelia Home,23862331905540188,AH | Retargeting | UK,UK,10702,358,133.19,conversions_api,19.93,2059.1,USD
2026-07-24,Volt & Co,23874120558830977,VC | Prospecting | US,US,103886,1212,449.87,website_pixel,9.58,595.31,USD
2026-07-24,Volt & Co,23874120558830977,VC | Prospecting | US,US,103886,1212,449.87,conversions_api,11.25,545.9,USD
2026-07-24,Volt & Co,23874120558831044,VC | Retargeting | US,US,15892,488,225.31,website_pixel,14.99,976.3,USD
2026-07-24,Volt & Co,23874120558831044,VC | Retargeting | US,US,15892,488,225.31,conversions_api,17.0,1045.12,USD
2026-07-25,Nordkraft EU,23861094778210411,NK | ABO | Prospecting EU,DE,43651,538,181.91,website_pixel,4.51,293.04,USD
2026-07-25,Nordkraft EU,23861094778210411,NK | ABO | Prospecting EU,DE,43651,538,181.91,conversions_api,5.36,340.65,USD
2026-07-25,Nordkraft EU,23861094778210411,NK | ABO | Prospecting EU,NL,15501,180,53.9,website_pixel,1.34,86.66,USD
2026-07-25,Nordkraft EU,23861094778210411,NK | ABO | Prospecting EU,NL,15501,180,53.9,conversions_api,1.57,124.21,USD
2026-07-25,Nordkraft EU,23861094778210633,NK | Retargeting | DPA,DE,9495,266,112.74,website_pixel,6.78,565.83,USD
2026-07-25,Nordkraft EU,23861094778210633,NK | Retargeting | DPA,DE,9495,266,112.74,conversions_api,8.3,521.2,USD
2026-07-25,Aurelia Home,23862331905540102,AH | Advantage+ Shopping,UK,60924,942,247.76,website_pixel,8.88,804.22,USD
2026-07-25,Aurelia Home,23862331905540102,AH | Advantage+ Shopping,UK,60924,942,247.76,conversions_api,10.17,1049.99,USD
2026-07-25,Aurelia Home,23862331905540188,AH | Retargeting | UK,UK,7414,217,73.75,website_pixel,9.02,867.69,USD
2026-07-25,Aurelia Home,23862331905540188,AH | Retargeting | UK,UK,7414,217,73.75,conversions_api,10.31,881.94,USD
2026-07-25,Volt & Co,23874120558830977,VC | Prospecting | US,US,57978,772,339.95,website_pixel,5.92,331.43,USD
2026-07-25,Volt & Co,23874120558830977,VC | Prospecting | US,US,57978,772,339.95,conversions_api,7.14,362.39,USD
2026-07-25,Volt & Co,23874120558831044,VC | Retargeting | US,US,11934,310,149.85,website_pixel,7.14,394.92,USD
2026-07-25,Volt & Co,23874120558831044,VC | Retargeting | US,US,11934,310,149.85,conversions_api,8.27,459.98,USD
2026-07-26,Nordkraft EU,23861094778210411,NK | ABO | Prospecting EU,DE,50727,579,187.49,website_pixel,4.46,302.67,USD
2026-07-26,Nordkraft EU,23861094778210411,NK | ABO | Prospecting EU,DE,50727,579,187.49,conversions_api,5.24,313.49,USD
2026-07-26,Nordkraft EU,23861094778210411,NK | ABO | Prospecting EU,NL,15316,193,58.2,website_pixel,1.45,93.45,USD
2026-07-26,Nordkraft EU,23861094778210411,NK | ABO | Prospecting EU,NL,15316,193,58.2,conversions_api,1.74,140.2,USD
2026-07-26,Nordkraft EU,23861094778210633,NK | Retargeting | DPA,DE,9598,268,118.31,website_pixel,8.19,623.08,USD
2026-07-26,Nordkraft EU,23861094778210633,NK | Retargeting | DPA,DE,9598,268,118.31,conversions_api,9.96,756.98,USD
2026-07-26,Aurelia Home,23862331905540102,AH | Advantage+ Shopping,UK,55901,901,249.0,website_pixel,5.5,524.48,USD
2026-07-26,Aurelia Home,23862331905540102,AH | Advantage+ Shopping,UK,55901,901,249.0,conversions_api,6.47,617.32,USD
2026-07-26,Aurelia Home,23862331905540188,AH | Retargeting | UK,UK,8236,251,90.03,website_pixel,10.16,901.32,USD
2026-07-26,Aurelia Home,23862331905540188,AH | Retargeting | UK,UK,8236,251,90.03,conversions_api,12.33,1573.72,USD
2026-07-26,Volt & Co,23874120558830977,VC | Prospecting | US,US,60739,790,275.84,website_pixel,5.73,284.78,USD
2026-07-26,Volt & Co,23874120558830977,VC | Prospecting | US,US,60739,790,275.84,conversions_api,7.06,405.49,USD
2026-07-26,Volt & Co,23874120558831044,VC | Retargeting | US,US,13121,385,148.4,website_pixel,15.27,1021.04,USD
2026-07-26,Volt & Co,23874120558831044,VC | Retargeting | US,US,13121,385,148.4,conversions_api,18.98,1213.3,USD
2026-07-27,Nordkraft EU,23861094778210411,NK | ABO | Prospecting EU,DE,52978,597,205.13,website_pixel,4.34,300.44,USD
2026-07-27,Nordkraft EU,23861094778210411,NK | ABO | Prospecting EU,DE,52978,597,205.13,conversions_api,5.16,291.67,USD
2026-07-27,Nordkraft EU,23861094778210411,NK | ABO | Prospecting EU,NL,22151,251,72.74,website_pixel,1.68,105.56,USD
2026-07-27,Nordkraft EU,23861094778210411,NK | ABO | Prospecting EU,NL,22151,251,72.74,conversions_api,1.98,105.81,USD
2026-07-27,Nordkraft EU,23861094778210633,NK | Retargeting | DPA,DE,11927,360,145.54,website_pixel,10.58,686.32,USD
2026-07-27,Nordkraft EU,23861094778210633,NK | Retargeting | DPA,DE,11927,360,145.54,conversions_api,12.56,856.5,USD
2026-07-27,Aurelia Home,23862331905540102,AH | Advantage+ Shopping,UK,58078,856,225.25,website_pixel,7.53,740.56,USD
2026-07-27,Aurelia Home,23862331905540102,AH | Advantage+ Shopping,UK,58078,856,225.25,conversions_api,8.38,823.09,USD
2026-07-27,Aurelia Home,23862331905540188,AH | Retargeting | UK,UK,8960,260,79.27,website_pixel,11.37,1094.3,USD
2026-07-27,Aurelia Home,23862331905540188,AH | Retargeting | UK,UK,8960,260,79.27,conversions_api,13.32,1287.45,USD
2026-07-27,Volt & Co,23874120558830977,VC | Prospecting | US,US,83016,938,350.71,website_pixel,6.28,355.16,USD
2026-07-27,Volt & Co,23874120558830977,VC | Prospecting | US,US,83016,938,350.71,conversions_api,7.04,285.44,USD
2026-07-27,Volt & Co,23874120558831044,VC | Retargeting | US,US,12110,337,143.38,website_pixel,9.97,596.33,USD
2026-07-27,Volt & Co,23874120558831044,VC | Retargeting | US,US,12110,337,143.38,conversions_api,11.1,674.37,USD
2026-07-28,Nordkraft EU,23861094778210411,NK | ABO | Prospecting EU,DE,46102,590,195.26,website_pixel,4.49,266.86,USD
2026-07-28,Nordkraft EU,23861094778210411,NK | ABO | Prospecting EU,DE,46102,590,195.26,conversions_api,5.23,430.63,USD
2026-07-28,Nordkraft EU,23861094778210411,NK | ABO | Prospecting EU,NL,20149,253,70.19,website_pixel,1.52,107.51,USD
2026-07-28,Nordkraft EU,23861094778210411,NK | ABO | Prospecting EU,NL,20149,253,70.19,conversions_api,1.89,131.27,USD
2026-07-28,Nordkraft EU,23861094778210633,NK | Retargeting | DPA,DE,10851,289,107.98,website_pixel,9.73,688.78,USD
2026-07-28,Nordkraft EU,23861094778210633,NK | Retargeting | DPA,DE,10851,289,107.98,conversions_api,11.77,1032.91,USD
2026-07-28,Aurelia Home,23862331905540102,AH | Advantage+ Shopping,UK,62841,955,248.23,website_pixel,8.59,677.52,USD
2026-07-28,Aurelia Home,23862331905540102,AH | Advantage+ Shopping,UK,62841,955,248.23,conversions_api,10.25,1112.83,USD
2026-07-28,Aurelia Home,23862331905540188,AH | Retargeting | UK,UK,9217,298,101.63,website_pixel,10.8,1189.22,USD
2026-07-28,Aurelia Home,23862331905540188,AH | Retargeting | UK,UK,9217,298,101.63,conversions_api,13.27,1340.96,USD
2026-07-28,Volt & Co,23874120558830977,VC | Prospecting | US,US,80037,1145,482.7,website_pixel,8.83,427.22,USD
2026-07-28,Volt & Co,23874120558830977,VC | Prospecting | US,US,80037,1145,482.7,conversions_api,11.08,518.32,USD
2026-07-28,Volt & Co,23874120558831044,VC | Retargeting | US,US,15719,448,177.93,website_pixel,13.83,797.88,USD
2026-07-28,Volt & Co,23874120558831044,VC | Retargeting | US,US,15719,448,177.93,conversions_api,17.39,841.66,USD
2026-07-29,Nordkraft EU,23861094778210411,NK | ABO | Prospecting EU,DE,52895,659,253.98,website_pixel,5.57,427.82,USD
2026-07-29,Nordkraft EU,23861094778210411,NK | ABO | Prospecting EU,DE,52895,659,253.98,conversions_api,6.73,411.05,USD
2026-07-29,Nordkraft EU,23861094778210411,NK | ABO | Prospecting EU,NL,17692,207,52.72,website_pixel,1.42,98.97,USD
2026-07-29,Nordkraft EU,23861094778210411,NK | ABO | Prospecting EU,NL,17692,207,52.72,conversions_api,1.75,107.74,USD
2026-07-29,Nordkraft EU,23861094778210633,NK | Retargeting | DPA,DE,11990,348,156.67,website_pixel,11.67,865.02,USD
2026-07-29,Nordkraft EU,23861094778210633,NK | Retargeting | DPA,DE,11990,348,156.67,conversions_api,14.28,939.39,USD
2026-07-29,Aurelia Home,23862331905540102,AH | Advantage+ Shopping,UK,66363,959,303.68,website_pixel,7.63,683.12,USD
2026-07-29,Aurelia Home,23862331905540102,AH | Advantage+ Shopping,UK,66363,959,303.68,conversions_api,9.17,889.63,USD
2026-07-29,Aurelia Home,23862331905540188,AH | Retargeting | UK,UK,9766,297,115.05,website_pixel,10.81,1116.43,USD
2026-07-29,Aurelia Home,23862331905540188,AH | Retargeting | UK,UK,9766,297,115.05,conversions_api,12.43,1216.67,USD
2026-07-29,Volt & Co,23874120558830977,VC | Prospecting | US,US,74394,1146,421.38,website_pixel,8.56,524.6,USD
2026-07-29,Volt & Co,23874120558830977,VC | Prospecting | US,US,74394,1146,421.38,conversions_api,10.48,593.29,USD
2026-07-29,Volt & Co,23874120558831044,VC | Retargeting | US,US,13492,395,176.94,website_pixel,12.65,762.26,USD
2026-07-29,Volt & Co,23874120558831044,VC | Retargeting | US,US,13492,395,176.94,conversions_api,14.67,869.21,USD
2026-07-30,Nordkraft EU,23861094778210411,NK | ABO | Prospecting EU,DE,49843,624,215.57,website_pixel,4.75,394.37,USD
2026-07-30,Nordkraft EU,23861094778210411,NK | ABO | Prospecting EU,DE,49843,624,215.57,conversions_api,5.78,367.27,USD
2026-07-30,Nordkraft EU,23861094778210411,NK | ABO | Prospecting EU,NL,20753,231,77.84,website_pixel,1.42,88.48,USD
2026-07-30,Nordkraft EU,23861094778210411,NK | ABO | Prospecting EU,NL,20753,231,77.84,conversions_api,1.73,123.23,USD
2026-07-30,Nordkraft EU,23861094778210633,NK | Retargeting | DPA,DE,9742,272,94.72,website_pixel,9.49,613.92,USD
2026-07-30,Nordkraft EU,23861094778210633,NK | Retargeting | DPA,DE,9742,272,94.72,conversions_api,11.5,968.88,USD
2026-07-30,Aurelia Home,23862331905540102,AH | Advantage+ Shopping,UK,54482,800,205.4,website_pixel,8.67,740.62,USD
2026-07-30,Aurelia Home,23862331905540102,AH | Advantage+ Shopping,UK,54482,800,205.4,conversions_api,10.05,867.19,USD
2026-07-30,Aurelia Home,23862331905540188,AH | Retargeting | UK,UK,10014,299,106.36,website_pixel,12.96,1281.68,USD
2026-07-30,Aurelia Home,23862331905540188,AH | Retargeting | UK,UK,10014,299,106.36,conversions_api,15.85,1701.58,USD
2026-07-30,Volt & Co,23874120558830977,VC | Prospecting | US,US,84068,1071,409.24,website_pixel,5.9,316.57,USD
2026-07-30,Volt & Co,23874120558830977,VC | Prospecting | US,US,84068,1071,409.24,conversions_api,7.29,373.85,USD
2026-07-30,Volt & Co,23874120558831044,VC | Retargeting | US,US,14725,448,180.74,website_pixel,14.62,788.25,USD
2026-07-30,Volt & Co,23874120558831044,VC | Retargeting | US,US,14725,448,180.74,conversions_api,17.28,1145.71,USD
2026-07-31,Nordkraft EU,23861094778210411,NK | ABO | Prospecting EU,DE,55173,683,261.39,website_pixel,4.25,312.8,USD
2026-07-31,Nordkraft EU,23861094778210411,NK | ABO | Prospecting EU,DE,55173,683,261.39,conversions_api,5.06,326.4,USD
2026-07-31,Nordkraft EU,23861094778210411,NK | ABO | Prospecting EU,NL,20512,213,66.99,website_pixel,1.75,98.38,USD
2026-07-31,Nordkraft EU,23861094778210411,NK | ABO | Prospecting EU,NL,20512,213,66.99,conversions_api,2.06,128.4,USD
2026-07-31,Nordkraft EU,23861094778210633,NK | Retargeting | DPA,DE,12209,355,118.1,website_pixel,14.27,995.69,USD
2026-07-31,Nordkraft EU,23861094778210633,NK | Retargeting | DPA,DE,12209,355,118.1,conversions_api,16.91,1413.03,USD
2026-07-31,Aurelia Home,23862331905540102,AH | Advantage+ Shopping,UK,58994,769,212.84,website_pixel,8.75,861.15,USD
2026-07-31,Aurelia Home,23862331905540102,AH | Advantage+ Shopping,UK,58994,769,212.84,conversions_api,9.85,979.02,USD
2026-07-31,Aurelia Home,23862331905540188,AH | Retargeting | UK,UK,10224,280,105.35,website_pixel,9.79,937.6,USD
2026-07-31,Aurelia Home,23862331905540188,AH | Retargeting | UK,UK,10224,280,105.35,conversions_api,11.52,1185.54,USD
2026-07-31,Volt & Co,23874120558830977,VC | Prospecting | US,US,78335,762,300.9,website_pixel,6.2,319.09,USD
2026-07-31,Volt & Co,23874120558830977,VC | Prospecting | US,US,78335,762,300.9,conversions_api,7.27,440.12,USD
2026-07-31,Volt & Co,23874120558831044,VC | Retargeting | US,US,15131,440,207.75,website_pixel,14.91,653.92,USD
2026-07-31,Volt & Co,23874120558831044,VC | Retargeting | US,US,15131,440,207.75,conversions_api,18.34,1012.97,USD
2026-08-01,Nordkraft EU,23861094778210411,NK | ABO | Prospecting EU,DE,46829,551,197.85,website_pixel,4.54,312.82,USD
2026-08-01,Nordkraft EU,23861094778210411,NK | ABO | Prospecting EU,DE,46829,551,197.85,conversions_api,5.17,384.23,USD
2026-08-01,Nordkraft EU,23861094778210411,NK | ABO | Prospecting EU,NL,18057,231,61.02,website_pixel,1.6,127.47,USD
2026-08-01,Nordkraft EU,23861094778210411,NK | ABO | Prospecting EU,NL,18057,231,61.02,conversions_api,1.85,130.71,USD
2026-08-01,Nordkraft EU,23861094778210633,NK | Retargeting | DPA,DE,9584,295,128.3,website_pixel,9.8,832.73,USD
2026-08-01,Nordkraft EU,23861094778210633,NK | Retargeting | DPA,DE,9584,295,128.3,conversions_api,11.53,1041.94,USD
2026-08-01,Aurelia Home,23862331905540102,AH | Advantage+ Shopping,UK,59401,823,221.37,website_pixel,7.68,743.44,USD
2026-08-01,Aurelia Home,23862331905540102,AH | Advantage+ Shopping,UK,59401,823,221.37,conversions_api,9.18,779.84,USD
2026-08-01,Aurelia Home,23862331905540188,AH | Retargeting | UK,UK,9258,257,89.72,website_pixel,10.65,999.58,USD
2026-08-01,Aurelia Home,23862331905540188,AH | Retargeting | UK,UK,9258,257,89.72,conversions_api,11.84,1083.04,USD
2026-08-01,Volt & Co,23874120558830977,VC | Prospecting | US,US,62582,914,286.29,website_pixel,6.45,355.22,USD
2026-08-01,Volt & Co,23874120558830977,VC | Prospecting | US,US,62582,914,286.29,conversions_api,6.99,323.28,USD
2026-08-01,Volt & Co,23874120558831044,VC | Retargeting | US,US,12545,354,164.99,website_pixel,14.87,815.91,USD
2026-08-01,Volt & Co,23874120558831044,VC | Retargeting | US,US,12545,354,164.99,conversions_api,17.46,1092.39,USD
2026-08-02,Nordkraft EU,23861094778210411,NK | ABO | Prospecting EU,DE,39961,444,132.36,website_pixel,2.65,165.99,USD
2026-08-02,Nordkraft EU,23861094778210411,NK | ABO | Prospecting EU,DE,39961,444,132.36,conversions_api,3.25,237.98,USD
2026-08-02,Nordkraft EU,23861094778210411,NK | ABO | Prospecting EU,NL,14874,127,35.32,website_pixel,0.83,65.97,USD
2026-08-02,Nordkraft EU,23861094778210411,NK | ABO | Prospecting EU,NL,14874,127,35.32,conversions_api,1.01,65.41,USD
2026-08-02,Nordkraft EU,23861094778210633,NK | Retargeting | DPA,DE,10881,315,128.77,website_pixel,9.65,677.29,USD
2026-08-02,Nordkraft EU,23861094778210633,NK | Retargeting | DPA,DE,10881,315,128.77,conversions_api,11.51,889.63,USD
2026-08-02,Aurelia Home,23862331905540102,AH | Advantage+ Shopping,UK,53580,684,197.5,website_pixel,6.21,598.53,USD
2026-08-02,Aurelia Home,23862331905540102,AH | Advantage+ Shopping,UK,53580,684,197.5,conversions_api,7.51,707.47,USD
2026-08-02,Aurelia Home,23862331905540188,AH | Retargeting | UK,UK,7342,225,77.48,website_pixel,7.11,671.79,USD
2026-08-02,Aurelia Home,23862331905540188,AH | Retargeting | UK,UK,7342,225,77.48,conversions_api,8.98,929.94,USD
2026-08-02,Volt & Co,23874120558830977,VC | Prospecting | US,US,61634,955,395.54,website_pixel,8.49,523.28,USD
2026-08-02,Volt & Co,23874120558830977,VC | Prospecting | US,US,61634,955,395.54,conversions_api,9.83,470.93,USD
2026-08-02,Volt & Co,23874120558831044,VC | Retargeting | US,US,9069,246,112.47,website_pixel,8.47,556.15,USD
2026-08-02,Volt & Co,23874120558831044,VC | Retargeting | US,US,9069,246,112.47,conversions_api,9.98,600.96,USD
2026-08-03,Nordkraft EU,23861094778210411,NK | ABO | Prospecting EU,DE,54850,614,192.75,website_pixel,5.76,383.47,USD
2026-08-03,Nordkraft EU,23861094778210411,NK | ABO | Prospecting EU,DE,54850,614,192.75,conversions_api,6.83,454.8,USD
2026-08-03,Nordkraft EU,23861094778210411,NK | ABO | Prospecting EU,NL,18533,199,54.34,website_pixel,1.14,74.0,USD
2026-08-03,Nordkraft EU,23861094778210411,NK | ABO | Prospecting EU,NL,18533,199,54.34,conversions_api,1.36,104.23,USD
2026-08-03,Nordkraft EU,23861094778210633,NK | Retargeting | DPA,DE,11927,353,137.2,website_pixel,12.12,987.09,USD
2026-08-03,Nordkraft EU,23861094778210633,NK | Retargeting | DPA,DE,11927,353,137.2,conversions_api,14.25,1072.83,USD
2026-08-03,Aurelia Home,23862331905540102,AH | Advantage+ Shopping,UK,71680,990,282.13,website_pixel,7.57,738.45,USD
2026-08-03,Aurelia Home,23862331905540102,AH | Advantage+ Shopping,UK,71680,990,282.13,conversions_api,9.64,982.23,USD
2026-08-03,Aurelia Home,23862331905540188,AH | Retargeting | UK,UK,10052,317,111.34,website_pixel,11.06,1130.1,USD
2026-08-03,Aurelia Home,23862331905540188,AH | Retargeting | UK,UK,10052,317,111.34,conversions_api,12.91,1194.22,USD
2026-08-03,Volt & Co,23874120558830977,VC | Prospecting | US,US,87215,1046,391.28,website_pixel,9.67,484.84,USD
2026-08-03,Volt & Co,23874120558830977,VC | Prospecting | US,US,87215,1046,391.28,conversions_api,11.16,597.0,USD
2026-08-03,Volt & Co,23874120558831044,VC | Retargeting | US,US,14956,328,135.16,website_pixel,10.75,638.91,USD
2026-08-03,Volt & Co,23874120558831044,VC | Retargeting | US,US,14956,328,135.16,conversions_api,12.97,837.23,USD
2026-08-04,Nordkraft EU,23861094778210411,NK | ABO | Prospecting EU,DE,48719,540,187.77,website_pixel,3.97,273.65,USD
2026-08-04,Nordkraft EU,23861094778210411,NK | ABO | Prospecting EU,DE,48719,540,187.77,conversions_api,4.76,413.73,USD
2026-08-04,Nordkraft EU,23861094778210411,NK | ABO | Prospecting EU,NL,15064,166,49.79,website_pixel,1.1,82.07,USD
2026-08-04,Nordkraft EU,23861094778210411,NK | ABO | Prospecting EU,NL,15064,166,49.79,conversions_api,1.27,87.21,USD
2026-08-04,Nordkraft EU,23861094778210633,NK | Retargeting | DPA,DE,11230,323,131.46,website_pixel,10.94,852.43,USD
2026-08-04,Nordkraft EU,23861094778210633,NK | Retargeting | DPA,DE,11230,323,131.46,conversions_api,13.11,1071.41,USD
2026-08-04,Aurelia Home,23862331905540102,AH | Advantage+ Shopping,UK,55498,702,166.34,website_pixel,6.88,686.62,USD
2026-08-04,Aurelia Home,23862331905540102,AH | Advantage+ Shopping,UK,55498,702,166.34,conversions_api,8.12,661.13,USD
2026-08-04,Aurelia Home,23862331905540188,AH | Retargeting | UK,UK,11329,329,119.83,website_pixel,13.48,1248.87,USD
2026-08-04,Aurelia Home,23862331905540188,AH | Retargeting | UK,UK,11329,329,119.83,conversions_api,16.63,1658.94,USD
2026-08-04,Volt & Co,23874120558830977,VC | Prospecting | US,US,102337,1352,586.57,website_pixel,11.71,548.69,USD
2026-08-04,Volt & Co,23874120558830977,VC | Prospecting | US,US,102337,1352,586.57,conversions_api,13.76,791.35,USD
2026-08-04,Volt & Co,23874120558831044,VC | Retargeting | US,US,12303,390,174.0,website_pixel,8.44,521.53,USD
2026-08-04,Volt & Co,23874120558831044,VC | Retargeting | US,US,12303,390,174.0,conversions_api,10.17,575.88,USD
2026-08-05,Nordkraft EU,23861094778210411,NK | ABO | Prospecting EU,DE,54571,615,189.98,website_pixel,4.71,322.76,USD
2026-08-05,Nordkraft EU,23861094778210411,NK | ABO | Prospecting EU,DE,54571,615,189.98,conversions_api,5.61,447.19,USD
2026-08-05,Nordkraft EU,23861094778210411,NK | ABO | Prospecting EU,NL,18153,212,63.9,website_pixel,1.15,79.44,USD
2026-08-05,Nordkraft EU,23861094778210411,NK | ABO | Prospecting EU,NL,18153,212,63.9,conversions_api,1.44,119.05,USD
2026-08-05,Nordkraft EU,23861094778210633,NK | Retargeting | DPA,DE,12333,308,98.78,website_pixel,11.58,980.52,USD
2026-08-05,Nordkraft EU,23861094778210633,NK | Retargeting | DPA,DE,12333,308,98.78,conversions_api,13.83,958.51,USD
2026-08-05,Aurelia Home,23862331905540102,AH | Advantage+ Shopping,UK,66771,984,257.36,website_pixel,8.13,814.26,USD
2026-08-05,Aurelia Home,23862331905540102,AH | Advantage+ Shopping,UK,66771,984,257.36,conversions_api,9.67,917.33,USD
2026-08-05,Aurelia Home,23862331905540188,AH | Retargeting | UK,UK,10502,308,100.57,website_pixel,14.48,1338.38,USD
2026-08-05,Aurelia Home,23862331905540188,AH | Retargeting | UK,UK,10502,308,100.57,conversions_api,17.62,1715.4,USD
2026-08-05,Volt & Co,23874120558830977,VC | Prospecting | US,US,78572,982,382.51,website_pixel,7.27,288.92,USD
2026-08-05,Volt & Co,23874120558830977,VC | Prospecting | US,US,78572,982,382.51,conversions_api,8.6,531.31,USD
2026-08-05,Volt & Co,23874120558831044,VC | Retargeting | US,US,14517,427,169.76,website_pixel,13.08,870.14,USD
2026-08-05,Volt & Co,23874120558831044,VC | Retargeting | US,US,14517,427,169.76,conversions_api,15.95,870.91,USD
2026-08-06,Nordkraft EU,23861094778210411,NK | ABO | Prospecting EU,DE,54904,630,207.41,website_pixel,4.93,283.88,USD
2026-08-06,Nordkraft EU,23861094778210411,NK | ABO | Prospecting EU,DE,54904,630,207.41,conversions_api,5.61,345.91,USD
2026-08-06,Nordkraft EU,23861094778210411,NK | ABO | Prospecting EU,NL,15763,164,46.4,website_pixel,0.9,49.59,USD
2026-08-06,Nordkraft EU,23861094778210411,NK | ABO | Prospecting EU,NL,15763,164,46.4,conversions_api,1.1,68.17,USD
2026-08-06,Nordkraft EU,23861094778210633,NK | Retargeting | DPA,DE,13147,394,163.66,website_pixel,11.15,750.87,USD
2026-08-06,Nordkraft EU,23861094778210633,NK | Retargeting | DPA,DE,13147,394,163.66,conversions_api,14.05,1063.19,USD
2026-08-06,Aurelia Home,23862331905540102,AH | Advantage+ Shopping,UK,70554,1044,294.32,website_pixel,8.25,758.56,USD
2026-08-06,Aurelia Home,23862331905540102,AH | Advantage+ Shopping,UK,70554,1044,294.32,conversions_api,9.82,914.13,USD
2026-08-06,Aurelia Home,23862331905540188,AH | Retargeting | UK,UK,11631,305,108.0,website_pixel,12.79,1172.73,USD
2026-08-06,Aurelia Home,23862331905540188,AH | Retargeting | UK,UK,11631,305,108.0,conversions_api,16.06,1490.62,USD
2026-08-06,Volt & Co,23874120558830977,VC | Prospecting | US,US,76210,858,348.56,website_pixel,7.02,333.27,USD
2026-08-06,Volt & Co,23874120558830977,VC | Prospecting | US,US,76210,858,348.56,conversions_api,8.2,430.09,USD
2026-08-06,Volt & Co,23874120558831044,VC | Retargeting | US,US,13319,364,184.3,website_pixel,11.8,696.74,USD
2026-08-06,Volt & Co,23874120558831044,VC | Retargeting | US,US,13319,364,184.3,conversions_api,14.67,735.84,USD
2026-08-07,Nordkraft EU,23861094778210411,NK | ABO | Prospecting EU,DE,44069,489,161.09,website_pixel,4.33,323.51,USD
2026-08-07,Nordkraft EU,23861094778210411,NK | ABO | Prospecting EU,DE,44069,489,161.09,conversions_api,5.05,319.15,USD
2026-08-07,Nordkraft EU,23861094778210411,NK | ABO | Prospecting EU,NL,18898,220,63.1,website_pixel,1.54,102.55,USD
2026-08-07,Nordkraft EU,23861094778210411,NK | ABO | Prospecting EU,NL,18898,220,63.1,conversions_api,1.8,127.01,USD
2026-08-07,Nordkraft EU,23861094778210633,NK | Retargeting | DPA,DE,13672,391,173.54,website_pixel,13.69,925.77,USD
2026-08-07,Nordkraft EU,23861094778210633,NK | Retargeting | DPA,DE,13672,391,173.54,conversions_api,17.2,1198.23,USD
2026-08-07,Aurelia Home,23862331905540102,AH | Advantage+ Shopping,UK,58447,801,225.58,website_pixel,8.23,747.0,USD
2026-08-07,Aurelia Home,23862331905540102,AH | Advantage+ Shopping,UK,58447,801,225.58,conversions_api,9.69,728.87,USD
2026-08-07,Aurelia Home,23862331905540188,AH | Retargeting | UK,UK,9592,293,106.83,website_pixel,14.9,1574.83,USD
2026-08-07,Aurelia Home,23862331905540188,AH | Retargeting | UK,UK,9592,293,106.83,conversions_api,16.98,1503.95,USD
2026-08-07,Volt & Co,23874120558830977,VC | Prospecting | US,US,73846,945,348.55,website_pixel,7.53,348.95,USD
2026-08-07,Volt & Co,23874120558830977,VC | Prospecting | US,US,73846,945,348.55,conversions_api,8.86,515.86,USD
2026-08-07,Volt & Co,23874120558831044,VC | Retargeting | US,US,14973,363,159.15,website_pixel,13.02,729.68,USD
2026-08-07,Volt & Co,23874120558831044,VC | Retargeting | US,US,14973,363,159.15,conversions_api,14.98,940.77,USD
2026-08-08,Nordkraft EU,23861094778210411,NK | ABO | Prospecting EU,DE,44632,483,147.95,website_pixel,4.46,326.89,USD
2026-08-08,Nordkraft EU,23861094778210411,NK | ABO | Prospecting EU,DE,44632,483,147.95,conversions_api,5.09,415.44,USD
2026-08-08,Nordkraft EU,23861094778210411,NK | ABO | Prospecting EU,NL,19323,232,65.16,website_pixel,2.07,137.32,USD
2026-08-08,Nordkraft EU,23861094778210411,NK | ABO | Prospecting EU,NL,19323,232,65.16,conversions_api,2.42,155.82,USD
2026-08-08,Nordkraft EU,23861094778210633,NK | Retargeting | DPA,DE,10305,259,111.39,website_pixel,7.92,570.52,USD
2026-08-08,Nordkraft EU,23861094778210633,NK | Retargeting | DPA,DE,10305,259,111.39,conversions_api,9.3,688.11,USD
2026-08-08,Aurelia Home,23862331905540102,AH | Advantage+ Shopping,UK,50949,694,212.16,website_pixel,7.25,687.01,USD
2026-08-08,Aurelia Home,23862331905540102,AH | Advantage+ Shopping,UK,50949,694,212.16,conversions_api,8.52,877.73,USD
2026-08-08,Aurelia Home,23862331905540188,AH | Retargeting | UK,UK,9219,263,94.17,website_pixel,7.98,943.53,USD
2026-08-08,Aurelia Home,23862331905540188,AH | Retargeting | UK,UK,9219,263,94.17,conversions_api,9.13,901.91,USD
2026-08-08,Volt & Co,23874120558830977,VC | Prospecting | US,US,51661,699,255.36,website_pixel,4.83,257.55,USD
2026-08-08,Volt & Co,23874120558830977,VC | Prospecting | US,US,51661,699,255.36,conversions_api,5.62,277.98,USD
2026-08-09,Nordkraft EU,23861094778210411,NK | ABO | Prospecting EU,DE,40676,497,164.14,website_pixel,3.25,238.59,USD
2026-08-09,Nordkraft EU,23861094778210411,NK | ABO | Prospecting EU,DE,40676,497,164.14,conversions_api,3.91,272.67,USD
2026-08-09,Nordkraft EU,23861094778210411,NK | ABO | Prospecting EU,NL,14644,180,43.65,website_pixel,1.18,82.63,USD
2026-08-09,Nordkraft EU,23861094778210411,NK | ABO | Prospecting EU,NL,14644,180,43.65,conversions_api,1.44,104.94,USD
2026-08-09,Nordkraft EU,23861094778210633,NK | Retargeting | DPA,DE,11283,309,131.89,website_pixel,10.25,927.05,USD
2026-08-09,Nordkraft EU,23861094778210633,NK | Retargeting | DPA,DE,11283,309,131.89,conversions_api,12.99,845.2,USD
2026-08-09,Aurelia Home,23862331905540102,AH | Advantage+ Shopping,UK,58239,829,228.15,website_pixel,6.98,559.63,USD
2026-08-09,Aurelia Home,23862331905540102,AH | Advantage+ Shopping,UK,58239,829,228.15,conversions_api,8.07,761.6,USD
2026-08-09,Aurelia Home,23862331905540188,AH | Retargeting | UK,UK,7704,222,82.32,website_pixel,9.55,1008.96,USD
2026-08-09,Aurelia Home,23862331905540188,AH | Retargeting | UK,UK,7704,222,82.32,conversions_api,11.52,1134.58,USD
2026-08-09,Volt & Co,23874120558830977,VC | Prospecting | US,US,60903,769,293.62,website_pixel,5.25,279.41,USD
2026-08-09,Volt & Co,23874120558830977,VC | Prospecting | US,US,60903,769,293.62,conversions_api,6.15,268.93,USD
2026-08-10,Nordkraft EU,23861094778210411,NK | ABO | Prospecting EU,DE,41755,522,167.35,website_pixel,4.31,267.12,USD
2026-08-10,Nordkraft EU,23861094778210411,NK | ABO | Prospecting EU,DE,41755,522,167.35,conversions_api,4.99,304.28,USD
2026-08-10,Nordkraft EU,23861094778210411,NK | ABO | Prospecting EU,NL,23917,280,81.53,website_pixel,1.72,104.55,USD
2026-08-10,Nordkraft EU,23861094778210411,NK | ABO | Prospecting EU,NL,23917,280,81.53,conversions_api,2.09,156.95,USD
2026-08-10,Nordkraft EU,23861094778210633,NK | Retargeting | DPA,DE,10694,337,134.3,website_pixel,9.88,553.84,USD
2026-08-10,Nordkraft EU,23861094778210633,NK | Retargeting | DPA,DE,10694,337,134.3,conversions_api,11.94,896.48,USD
2026-08-10,Aurelia Home,23862331905540102,AH | Advantage+ Shopping,UK,63630,936,219.35,website_pixel,9.69,1035.81,USD
2026-08-10,Aurelia Home,23862331905540102,AH | Advantage+ Shopping,UK,63630,936,219.35,conversions_api,11.2,1058.39,USD
2026-08-10,Aurelia Home,23862331905540188,AH | Retargeting | UK,UK,10634,286,108.1,website_pixel,9.26,805.47,USD
2026-08-10,Aurelia Home,23862331905540188,AH | Retargeting | UK,UK,10634,286,108.1,conversions_api,11.71,1148.21,USD
2026-08-10,Volt & Co,23874120558830977,VC | Prospecting | US,US,71529,950,323.6,website_pixel,5.33,302.21,USD
2026-08-10,Volt & Co,23874120558830977,VC | Prospecting | US,US,71529,950,323.6,conversions_api,6.05,281.59,USD
2026-08-11,Nordkraft EU,23861094778210411,NK | ABO | Prospecting EU,DE,51094,669,234.13,website_pixel,5.48,360.65,USD
2026-08-11,Nordkraft EU,23861094778210411,NK | ABO | Prospecting EU,DE,51094,669,234.13,conversions_api,6.27,446.56,USD
2026-08-11,Nordkraft EU,23861094778210411,NK | ABO | Prospecting EU,NL,20191,225,65.66,website_pixel,1.62,100.06,USD
2026-08-11,Nordkraft EU,23861094778210411,NK | ABO | Prospecting EU,NL,20191,225,65.66,conversions_api,1.93,143.85,USD
2026-08-11,Nordkraft EU,23861094778210633,NK | Retargeting | DPA,DE,10455,298,119.65,website_pixel,9.93,821.92,USD
2026-08-11,Nordkraft EU,23861094778210633,NK | Retargeting | DPA,DE,10455,298,119.65,conversions_api,12.79,906.23,USD
2026-08-11,Aurelia Home,23862331905540102,AH | Advantage+ Shopping,UK,73669,978,263.16,website_pixel,10.56,1127.48,USD
2026-08-11,Aurelia Home,23862331905540102,AH | Advantage+ Shopping,UK,73669,978,263.16,conversions_api,12.7,1211.21,USD
2026-08-11,Aurelia Home,23862331905540188,AH | Retargeting | UK,UK,10021,307,117.08,website_pixel,10.31,945.86,USD
2026-08-11,Aurelia Home,23862331905540188,AH | Retargeting | UK,UK,10021,307,117.08,conversions_api,12.72,1258.99,USD
2026-08-11,Volt & Co,23874120558830977,VC | Prospecting | US,US,76881,1048,446.05,website_pixel,6.59,293.46,USD
2026-08-11,Volt & Co,23874120558830977,VC | Prospecting | US,US,76881,1048,446.05,conversions_api,8.05,503.59,USD
2026-08-12,Nordkraft EU,23861094778210411,NK | ABO | Prospecting EU,DE,52913,665,204.89,website_pixel,5.23,361.94,USD
2026-08-12,Nordkraft EU,23861094778210411,NK | ABO | Prospecting EU,DE,52913,665,204.89,conversions_api,6.12,481.26,USD
2026-08-12,Nordkraft EU,23861094778210411,NK | ABO | Prospecting EU,NL,25419,268,74.65,website_pixel,1.79,136.38,USD
2026-08-12,Nordkraft EU,23861094778210411,NK | ABO | Prospecting EU,NL,25419,268,74.65,conversions_api,2.02,137.49,USD
2026-08-12,Nordkraft EU,23861094778210633,NK | Retargeting | DPA,DE,11780,319,138.94,website_pixel,10.35,834.49,USD
2026-08-12,Nordkraft EU,23861094778210633,NK | Retargeting | DPA,DE,11780,319,138.94,conversions_api,12.43,926.92,USD
2026-08-12,Aurelia Home,23862331905540102,AH | Advantage+ Shopping,UK,63381,875,249.4,website_pixel,9.47,971.92,USD
2026-08-12,Aurelia Home,23862331905540102,AH | Advantage+ Shopping,UK,63381,875,249.4,conversions_api,11.05,1028.77,USD
2026-08-12,Aurelia Home,23862331905540188,AH | Retargeting | UK,UK,8852,284,103.47,website_pixel,8.74,849.42,USD
2026-08-12,Aurelia Home,23862331905540188,AH | Retargeting | UK,UK,8852,284,103.47,conversions_api,10.53,979.26,USD
2026-08-12,Volt & Co,23874120558830977,VC | Prospecting | US,US,91793,1230,525.81,website_pixel,9.43,444.43,USD
2026-08-12,Volt & Co,23874120558830977,VC | Prospecting | US,US,91793,1230,525.81,conversions_api,11.19,582.57,USD
2026-08-13,Nordkraft EU,23861094778210411,NK | ABO | Prospecting EU,DE,51357,553,180.92,website_pixel,4.15,308.24,USD
2026-08-13,Nordkraft EU,23861094778210411,NK | ABO | Prospecting EU,DE,51357,553,180.92,conversions_api,4.87,325.67,USD
2026-08-13,Nordkraft EU,23861094778210411,NK | ABO | Prospecting EU,NL,21347,240,57.54,website_pixel,1.67,95.85,USD
2026-08-13,Nordkraft EU,23861094778210411,NK | ABO | Prospecting EU,NL,21347,240,57.54,conversions_api,1.91,133.28,USD
2026-08-13,Nordkraft EU,23861094778210633,NK | Retargeting | DPA,DE,13802,376,154.18,website_pixel,11.38,857.67,USD
2026-08-13,Nordkraft EU,23861094778210633,NK | Retargeting | DPA,DE,13802,376,154.18,conversions_api,12.8,977.34,USD
2026-08-13,Aurelia Home,23862331905540102,AH | Advantage+ Shopping,UK,74881,1088,275.75,website_pixel,8.86,789.17,USD
2026-08-13,Aurelia Home,23862331905540102,AH | Advantage+ Shopping,UK,74881,1088,275.75,conversions_api,10.36,775.82,USD
2026-08-13,Aurelia Home,23862331905540188,AH | Retargeting | UK,UK,9559,257,102.99,website_pixel,9.72,886.01,USD
2026-08-13,Aurelia Home,23862331905540188,AH | Retargeting | UK,UK,9559,257,102.99,conversions_api,11.96,950.63,USD
2026-08-13,Volt & Co,23874120558830977,VC | Prospecting | US,US,69500,969,436.95,website_pixel,7.81,388.58,USD
2026-08-13,Volt & Co,23874120558830977,VC | Prospecting | US,US,69500,969,436.95,conversions_api,9.33,438.75,USD
2026-08-14,Nordkraft EU,23861094778210411,NK | ABO | Prospecting EU,DE,63009,751,293.15,website_pixel,6.43,426.13,USD
2026-08-14,Nordkraft EU,23861094778210411,NK | ABO | Prospecting EU,DE,63009,751,293.15,conversions_api,8.16,540.6,USD
2026-08-14,Nordkraft EU,23861094778210411,NK | ABO | Prospecting EU,NL,20155,229,83.11,website_pixel,1.42,104.02,USD
2026-08-14,Nordkraft EU,23861094778210411,NK | ABO | Prospecting EU,NL,20155,229,83.11,conversions_api,1.67,115.21,USD
2026-08-14,Nordkraft EU,23861094778210633,NK | Retargeting | DPA,DE,11915,317,130.94,website_pixel,11.78,946.33,USD
2026-08-14,Nordkraft EU,23861094778210633,NK | Retargeting | DPA,DE,11915,317,130.94,conversions_api,13.86,1202.16,USD
2026-08-14,Aurelia Home,23862331905540102,AH | Advantage+ Shopping,UK,72011,999,247.61,website_pixel,7.98,777.23,USD
2026-08-14,Aurelia Home,23862331905540102,AH | Advantage+ Shopping,UK,72011,999,247.61,conversions_api,9.58,866.57,USD
2026-08-14,Aurelia Home,23862331905540188,AH | Retargeting | UK,UK,8640,238,75.78,website_pixel,8.36,737.31,USD
2026-08-14,Aurelia Home,23862331905540188,AH | Retargeting | UK,UK,8640,238,75.78,conversions_api,10.5,988.47,USD
2026-08-14,Volt & Co,23874120558830977,VC | Prospecting | US,US,67557,898,368.37,website_pixel,6.07,332.6,USD
2026-08-14,Volt & Co,23874120558830977,VC | Prospecting | US,US,67557,898,368.37,conversions_api,7.34,354.43,USD
2026-08-15,Nordkraft EU,23861094778210411,NK | ABO | Prospecting EU,DE,40442,536,193.52,website_pixel,4.61,262.59,USD
2026-08-15,Nordkraft EU,23861094778210411,NK | ABO | Prospecting EU,DE,40442,536,193.52,conversions_api,5.32,428.86,USD
2026-08-15,Nordkraft EU,23861094778210411,NK | ABO | Prospecting EU,NL,18272,225,69.33,website_pixel,1.6,114.45,USD
2026-08-15,Nordkraft EU,23861094778210411,NK | ABO | Prospecting EU,NL,18272,225,69.33,conversions_api,1.92,128.35,USD
2026-08-15,Nordkraft EU,23861094778210633,NK | Retargeting | DPA,DE,11109,281,110.84,website_pixel,11.98,888.75,USD
2026-08-15,Nordkraft EU,23861094778210633,NK | Retargeting | DPA,DE,11109,281,110.84,conversions_api,14.58,1010.28,USD
2026-08-15,Aurelia Home,23862331905540102,AH | Advantage+ Shopping,UK,58315,757,201.73,website_pixel,7.16,733.84,USD
2026-08-15,Aurelia Home,23862331905540102,AH | Advantage+ Shopping,UK,58315,757,201.73,conversions_api,8.74,898.57,USD
2026-08-15,Aurelia Home,23862331905540188,AH | Retargeting | UK,UK,9260,286,126.32,website_pixel,12.57,1123.96,USD
2026-08-15,Aurelia Home,23862331905540188,AH | Retargeting | UK,UK,9260,286,126.32,conversions_api,14.8,1436.32,USD
2026-08-15,Volt & Co,23874120558830977,VC | Prospecting | US,US,78926,1157,497.92,website_pixel,9.0,490.8,USD
2026-08-15,Volt & Co,23874120558830977,VC | Prospecting | US,US,78926,1157,497.92,conversions_api,11.22,511.01,USD
2026-08-16,Nordkraft EU,23861094778210411,NK | ABO | Prospecting EU,DE,37074,457,161.07,website_pixel,4.02,300.59,USD
2026-08-16,Nordkraft EU,23861094778210411,NK | ABO | Prospecting EU,DE,37074,457,161.07,conversions_api,4.7,300.84,USD
2026-08-16,Nordkraft EU,23861094778210411,NK | ABO | Prospecting EU,NL,17343,174,44.88,website_pixel,1.33,99.78,USD
2026-08-16,Nordkraft EU,23861094778210411,NK | ABO | Prospecting EU,NL,17343,174,44.88,conversions_api,1.62,124.17,USD
2026-08-16,Nordkraft EU,23861094778210633,NK | Retargeting | DPA,DE,9466,287,112.22,website_pixel,7.55,546.78,USD
2026-08-16,Nordkraft EU,23861094778210633,NK | Retargeting | DPA,DE,9466,287,112.22,conversions_api,8.94,649.54,USD
2026-08-16,Aurelia Home,23862331905540102,AH | Advantage+ Shopping,UK,68572,831,230.38,website_pixel,6.53,638.86,USD
2026-08-16,Aurelia Home,23862331905540102,AH | Advantage+ Shopping,UK,68572,831,230.38,conversions_api,7.52,741.5,USD
2026-08-16,Aurelia Home,23862331905540188,AH | Retargeting | UK,UK,7447,213,81.66,website_pixel,10.19,909.0,USD
2026-08-16,Aurelia Home,23862331905540188,AH | Retargeting | UK,UK,7447,213,81.66,conversions_api,11.92,1207.75,USD
2026-08-16,Volt & Co,23874120558830977,VC | Prospecting | US,US,86584,1126,484.08,website_pixel,7.51,414.72,USD
2026-08-16,Volt & Co,23874120558830977,VC | Prospecting | US,US,86584,1126,484.08,conversions_api,8.96,484.43,USD
2026-08-17,Nordkraft EU,23861094778210411,NK | ABO | Prospecting EU,DE,47276,535,194.48,website_pixel,5.03,421.55,USD
2026-08-17,Nordkraft EU,23861094778210411,NK | ABO | Prospecting EU,DE,47276,535,194.48,conversions_api,5.68,408.71,USD
2026-08-17,Nordkraft EU,23861094778210411,NK | ABO | Prospecting EU,NL,19737,249,78.43,website_pixel,1.49,107.87,USD
2026-08-17,Nordkraft EU,23861094778210411,NK | ABO | Prospecting EU,NL,19737,249,78.43,conversions_api,1.85,125.39,USD
2026-08-17,Nordkraft EU,23861094778210633,NK | Retargeting | DPA,DE,11797,371,160.19,website_pixel,13.95,1087.07,USD
2026-08-17,Nordkraft EU,23861094778210633,NK | Retargeting | DPA,DE,11797,371,160.19,conversions_api,17.84,1450.03,USD
2026-08-17,Aurelia Home,23862331905540102,AH | Advantage+ Shopping,UK,54594,714,181.44,website_pixel,6.62,756.1,USD
2026-08-17,Aurelia Home,23862331905540102,AH | Advantage+ Shopping,UK,54594,714,181.44,conversions_api,7.45,650.12,USD
2026-08-17,Aurelia Home,23862331905540188,AH | Retargeting | UK,UK,10241,326,120.54,website_pixel,13.25,1517.63,USD
2026-08-17,Aurelia Home,23862331905540188,AH | Retargeting | UK,UK,10241,326,120.54,conversions_api,15.6,1697.35,USD
2026-08-17,Volt & Co,23874120558830977,VC | Prospecting | US,US,70312,965,399.86,website_pixel,7.73,409.52,USD
2026-08-17,Volt & Co,23874120558830977,VC | Prospecting | US,US,70312,965,399.86,conversions_api,8.84,468.9,USD
2026-08-18,Nordkraft EU,23861094778210411,NK | ABO | Prospecting EU,DE,52405,532,179.86,website_pixel,3.6,292.25,USD
2026-08-18,Nordkraft EU,23861094778210411,NK | ABO | Prospecting EU,DE,52405,532,179.86,conversions_api,4.47,333.37,USD
2026-08-18,Nordkraft EU,23861094778210411,NK | ABO | Prospecting EU,NL,20403,222,67.98,website_pixel,1.74,120.0,USD
2026-08-18,Nordkraft EU,23861094778210411,NK | ABO | Prospecting EU,NL,20403,222,67.98,conversions_api,2.13,159.73,USD
2026-08-18,Nordkraft EU,23861094778210633,NK | Retargeting | DPA,DE,9328,269,106.98,website_pixel,8.94,688.79,USD
2026-08-18,Nordkraft EU,23861094778210633,NK | Retargeting | DPA,DE,9328,269,106.98,conversions_api,10.84,982.32,USD
2026-08-18,Aurelia Home,23862331905540102,AH | Advantage+ Shopping,UK,63380,895,275.39,website_pixel,7.73,734.74,USD
2026-08-18,Aurelia Home,23862331905540102,AH | Advantage+ Shopping,UK,63380,895,275.39,conversions_api,8.64,967.06,USD
2026-08-18,Aurelia Home,23862331905540188,AH | Retargeting | UK,UK,10497,328,117.54,website_pixel,11.55,1233.47,USD
2026-08-18,Aurelia Home,23862331905540188,AH | Retargeting | UK,UK,10497,328,117.54,conversions_api,13.71,1341.82,USD
2026-08-18,Volt & Co,23874120558830977,VC | Prospecting | US,US,76951,973,405.83,website_pixel,8.14,394.98,USD
2026-08-18,Volt & Co,23874120558830977,VC | Prospecting | US,US,76951,973,405.83,conversions_api,9.93,535.95,USD
2026-08-19,Nordkraft EU,23861094778210411,NK | ABO | Prospecting EU,DE,60506,799,247.85,website_pixel,5.76,398.02,USD
2026-08-19,Nordkraft EU,23861094778210411,NK | ABO | Prospecting EU,DE,60506,799,247.85,conversions_api,7.1,584.98,USD
2026-08-19,Nordkraft EU,23861094778210411,NK | ABO | Prospecting EU,NL,17296,172,48.61,website_pixel,1.3,93.62,USD
2026-08-19,Nordkraft EU,23861094778210411,NK | ABO | Prospecting EU,NL,17296,172,48.61,conversions_api,1.52,117.21,USD
2026-08-19,Nordkraft EU,23861094778210633,NK | Retargeting | DPA,DE,9569,304,121.92,website_pixel,10.92,830.33,USD
2026-08-19,Nordkraft EU,23861094778210633,NK | Retargeting | DPA,DE,9569,304,121.92,conversions_api,13.65,1061.91,USD
2026-08-19,Aurelia Home,23862331905540102,AH | Advantage+ Shopping,UK,74200,894,241.9,website_pixel,6.83,699.28,USD
2026-08-19,Aurelia Home,23862331905540102,AH | Advantage+ Shopping,UK,74200,894,241.9,conversions_api,7.99,856.75,USD
2026-08-19,Aurelia Home,23862331905540188,AH | Retargeting | UK,UK,9141,299,117.89,website_pixel,9.18,985.87,USD
2026-08-19,Aurelia Home,23862331905540188,AH | Retargeting | UK,UK,9141,299,117.89,conversions_api,10.7,1021.47,USD
2026-08-19,Volt & Co,23874120558830977,VC | Prospecting | US,US,69225,960,342.96,website_pixel,6.92,385.59,USD
2026-08-19,Volt & Co,23874120558830977,VC | Prospecting | US,US,69225,960,342.96,conversions_api,8.25,402.12,USD
2026-08-20,Nordkraft EU,23861094778210411,NK | ABO | Prospecting EU,DE,47981,585,212.91,website_pixel,5.55,406.48,USD
2026-08-20,Nordkraft EU,23861094778210411,NK | ABO | Prospecting EU,DE,47981,585,212.91,conversions_api,6.98,441.73,USD
2026-08-20,Nordkraft EU,23861094778210411,NK | ABO | Prospecting EU,NL,22841,241,68.89,website_pixel,1.58,112.54,USD
2026-08-20,Nordkraft EU,23861094778210411,NK | ABO | Prospecting EU,NL,22841,241,68.89,conversions_api,1.89,136.72,USD
2026-08-20,Nordkraft EU,23861094778210633,NK | Retargeting | DPA,DE,11883,308,132.71,website_pixel,10.97,774.71,USD
2026-08-20,Nordkraft EU,23861094778210633,NK | Retargeting | DPA,DE,11883,308,132.71,conversions_api,12.54,800.34,USD
2026-08-20,Aurelia Home,23862331905540102,AH | Advantage+ Shopping,UK,65694,1001,273.31,website_pixel,8.25,921.51,USD
2026-08-20,Aurelia Home,23862331905540102,AH | Advantage+ Shopping,UK,65694,1001,273.31,conversions_api,10.14,864.12,USD
2026-08-20,Aurelia Home,23862331905540188,AH | Retargeting | UK,UK,8953,286,89.58,website_pixel,13.03,1391.77,USD
2026-08-20,Aurelia Home,23862331905540188,AH | Retargeting | UK,UK,8953,286,89.58,conversions_api,15.17,1569.63,USD
2026-08-20,Volt & Co,23874120558830977,VC | Prospecting | US,US,78576,927,357.99,website_pixel,6.09,342.23,USD
2026-08-20,Volt & Co,23874120558830977,VC | Prospecting | US,US,78576,927,357.99,conversions_api,7.12,424.92,USD
2026-08-20,Volt & Co,23874120558831044,VC | Retargeting | US,US,15753,475,204.65,website_pixel,15.14,844.18,USD
2026-08-20,Volt & Co,23874120558831044,VC | Retargeting | US,US,15753,475,204.65,conversions_api,17.73,1056.02,USD
2026-08-21,Nordkraft EU,23861094778210411,NK | ABO | Prospecting EU,DE,45907,516,183.24,website_pixel,4.29,325.02,USD
2026-08-21,Nordkraft EU,23861094778210411,NK | ABO | Prospecting EU,DE,45907,516,183.24,conversions_api,5.29,355.58,USD
2026-08-21,Nordkraft EU,23861094778210411,NK | ABO | Prospecting EU,NL,20611,262,83.04,website_pixel,2.2,141.12,USD
2026-08-21,Nordkraft EU,23861094778210411,NK | ABO | Prospecting EU,NL,20611,262,83.04,conversions_api,2.46,153.01,USD
2026-08-21,Nordkraft EU,23861094778210633,NK | Retargeting | DPA,DE,10965,312,106.84,website_pixel,10.25,840.05,USD
2026-08-21,Nordkraft EU,23861094778210633,NK | Retargeting | DPA,DE,10965,312,106.84,conversions_api,12.45,979.55,USD
2026-08-21,Aurelia Home,23862331905540102,AH | Advantage+ Shopping,UK,61686,891,252.75,website_pixel,6.88,508.15,USD
2026-08-21,Aurelia Home,23862331905540102,AH | Advantage+ Shopping,UK,61686,891,252.75,conversions_api,8.34,705.89,USD
2026-08-21,Aurelia Home,23862331905540188,AH | Retargeting | UK,UK,8949,275,92.45,website_pixel,9.38,934.97,USD
2026-08-21,Aurelia Home,23862331905540188,AH | Retargeting | UK,UK,8949,275,92.45,conversions_api,11.68,1193.37,USD
2026-08-21,Volt & Co,23874120558830977,VC | Prospecting | US,US,83674,1080,375.76,website_pixel,7.23,360.8,USD
2026-08-21,Volt & Co,23874120558830977,VC | Prospecting | US,US,83674,1080,375.76,conversions_api,8.74,457.89,USD
2026-08-21,Volt & Co,23874120558831044,VC | Retargeting | US,US,17536,525,215.03,website_pixel,19.54,1041.97,USD
2026-08-21,Volt & Co,23874120558831044,VC | Retargeting | US,US,17536,525,215.03,conversions_api,22.74,1430.88,USD
2026-08-22,Nordkraft EU,23861094778210411,NK | ABO | Prospecting EU,DE,43982,472,165.59,website_pixel,3.72,263.13,USD
2026-08-22,Nordkraft EU,23861094778210411,NK | ABO | Prospecting EU,DE,43982,472,165.59,conversions_api,4.46,293.89,USD
2026-08-22,Nordkraft EU,23861094778210411,NK | ABO | Prospecting EU,NL,18912,215,65.25,website_pixel,1.54,96.76,USD
2026-08-22,Nordkraft EU,23861094778210411,NK | ABO | Prospecting EU,NL,18912,215,65.25,conversions_api,1.91,102.67,USD
2026-08-22,Nordkraft EU,23861094778210633,NK | Retargeting | DPA,DE,10898,285,117.93,website_pixel,10.51,702.59,USD
2026-08-22,Nordkraft EU,23861094778210633,NK | Retargeting | DPA,DE,10898,285,117.93,conversions_api,12.25,924.93,USD
2026-08-22,Aurelia Home,23862331905540102,AH | Advantage+ Shopping,UK,67352,1057,305.11,website_pixel,9.29,945.97,USD
2026-08-22,Aurelia Home,23862331905540102,AH | Advantage+ Shopping,UK,67352,1057,305.11,conversions_api,11.48,1073.37,USD
2026-08-22,Aurelia Home,23862331905540188,AH | Retargeting | UK,UK,8912,258,91.76,website_pixel,10.16,1044.84,USD
2026-08-22,Aurelia Home,23862331905540188,AH | Retargeting | UK,UK,8912,258,91.76,conversions_api,11.99,1106.96,USD
2026-08-22,Volt & Co,23874120558830977,VC | Prospecting | US,US,58825,857,392.47,website_pixel,6.39,306.59,USD
2026-08-22,Volt & Co,23874120558830977,VC | Prospecting | US,US,58825,857,392.47,conversions_api,7.98,436.09,USD
2026-08-22,Volt & Co,23874120558831044,VC | Retargeting | US,US,14985,380,165.74,website_pixel,13.43,752.18,USD
2026-08-22,Volt & Co,23874120558831044,VC | Retargeting | US,US,14985,380,165.74,conversions_api,15.51,758.9,USD
2026-08-23,Nordkraft EU,23861094778210411,NK | ABO | Prospecting EU,DE,47911,632,213.64,website_pixel,5.05,328.22,USD
2026-08-23,Nordkraft EU,23861094778210411,NK | ABO | Prospecting EU,DE,47911,632,213.64,conversions_api,6.12,479.12,USD
2026-08-23,Nordkraft EU,23861094778210411,NK | ABO | Prospecting EU,NL,18508,219,72.61,website_pixel,1.32,92.52,USD
2026-08-23,Nordkraft EU,23861094778210411,NK | ABO | Prospecting EU,NL,18508,219,72.61,conversions_api,1.61,104.82,USD
2026-08-23,Nordkraft EU,23861094778210633,NK | Retargeting | DPA,DE,11163,319,121.7,website_pixel,11.15,926.6,USD
2026-08-23,Nordkraft EU,23861094778210633,NK | Retargeting | DPA,DE,11163,319,121.7,conversions_api,13.19,1041.85,USD
2026-08-23,Aurelia Home,23862331905540102,AH | Advantage+ Shopping,UK,59884,848,225.94,website_pixel,6.79,623.56,USD
2026-08-23,Aurelia Home,23862331905540102,AH | Advantage+ Shopping,UK,59884,848,225.94,conversions_api,8.0,888.43,USD
2026-08-23,Aurelia Home,23862331905540188,AH | Retargeting | UK,UK,9650,309,114.19,website_pixel,11.15,1069.08,USD
2026-08-23,Aurelia Home,23862331905540188,AH | Retargeting | UK,UK,9650,309,114.19,conversions_api,13.9,1376.01,USD
2026-08-23,Volt & Co,23874120558830977,VC | Prospecting | US,US,70884,949,393.98,website_pixel,6.23,370.96,USD
2026-08-23,Volt & Co,23874120558830977,VC | Prospecting | US,US,70884,949,393.98,conversions_api,7.6,425.67,USD
2026-08-23,Volt & Co,23874120558831044,VC | Retargeting | US,US,12518,349,152.46,website_pixel,11.91,865.89,USD
2026-08-23,Volt & Co,23874120558831044,VC | Retargeting | US,US,12518,349,152.46,conversions_api,13.95,824.45,USD
2026-08-24,Nordkraft EU,23861094778210411,NK | ABO | Prospecting EU,DE,56041,587,192.81,website_pixel,5.34,212.73,USD
2026-08-24,Nordkraft EU,23861094778210411,NK | ABO | Prospecting EU,DE,56041,587,192.81,conversions_api,6.26,474.42,USD
2026-08-24,Nordkraft EU,23861094778210411,NK | ABO | Prospecting EU,NL,25038,240,79.66,website_pixel,1.13,77.9,USD
2026-08-24,Nordkraft EU,23861094778210411,NK | ABO | Prospecting EU,NL,25038,240,79.66,conversions_api,1.3,68.62,USD
2026-08-24,Nordkraft EU,23861094778210633,NK | Retargeting | DPA,DE,12558,398,167.34,website_pixel,14.53,898.73,USD
2026-08-24,Nordkraft EU,23861094778210633,NK | Retargeting | DPA,DE,12558,398,167.34,conversions_api,17.56,1426.89,USD
2026-08-24,Aurelia Home,23862331905540102,AH | Advantage+ Shopping,UK,79157,1191,276.82,website_pixel,8.1,646.92,USD
2026-08-24,Aurelia Home,23862331905540102,AH | Advantage+ Shopping,UK,79157,1191,276.82,conversions_api,9.95,949.43,USD
2026-08-24,Aurelia Home,23862331905540188,AH | Retargeting | UK,UK,10218,276,104.77,website_pixel,11.15,1073.85,USD
2026-08-24,Aurelia Home,23862331905540188,AH | Retargeting | UK,UK,10218,276,104.77,conversions_api,13.54,1068.2,USD
2026-08-24,Volt & Co,23874120558830977,VC | Prospecting | US,US,77584,1001,395.0,website_pixel,7.83,396.4,USD
2026-08-24,Volt & Co,23874120558830977,VC | Prospecting | US,US,77584,1001,395.0,conversions_api,9.24,494.23,USD
2026-08-24,Volt & Co,23874120558831044,VC | Retargeting | US,US,16914,472,212.3,website_pixel,15.04,917.93,USD
2026-08-24,Volt & Co,23874120558831044,VC | Retargeting | US,US,16914,472,212.3,conversions_api,18.33,1004.11,USD
2026-08-25,Nordkraft EU,23861094778210411,NK | ABO | Prospecting EU,DE,54542,661,219.96,website_pixel,4.8,284.71,USD
2026-08-25,Nordkraft EU,23861094778210411,NK | ABO | Prospecting EU,DE,54542,661,219.96,conversions_api,5.82,429.04,USD
2026-08-25,Nordkraft EU,23861094778210411,NK | ABO | Prospecting EU,NL,21237,259,74.81,website_pixel,2.27,142.92,USD
2026-08-25,Nordkraft EU,23861094778210411,NK | ABO | Prospecting EU,NL,21237,259,74.81,conversions_api,2.74,170.27,USD
2026-08-25,Nordkraft EU,23861094778210633,NK | Retargeting | DPA,DE,9703,316,141.99,website_pixel,11.36,1019.74,USD
2026-08-25,Nordkraft EU,23861094778210633,NK | Retargeting | DPA,DE,9703,316,141.99,conversions_api,13.97,1024.38,USD
2026-08-25,Aurelia Home,23862331905540102,AH | Advantage+ Shopping,UK,64522,993,280.48,website_pixel,11.26,1027.23,USD
2026-08-25,Aurelia Home,23862331905540102,AH | Advantage+ Shopping,UK,64522,993,280.48,conversions_api,13.28,1184.41,USD
2026-08-25,Aurelia Home,23862331905540188,AH | Retargeting | UK,UK,7817,233,90.6,website_pixel,9.61,848.08,USD
2026-08-25,Aurelia Home,23862331905540188,AH | Retargeting | UK,UK,7817,233,90.6,conversions_api,11.43,1145.55,USD
2026-08-25,Volt & Co,23874120558830977,VC | Prospecting | US,US,89646,1196,471.88,website_pixel,8.17,291.78,USD
2026-08-25,Volt & Co,23874120558830977,VC | Prospecting | US,US,89646,1196,471.88,conversions_api,9.43,509.13,USD
2026-08-25,Volt & Co,23874120558831044,VC | Retargeting | US,US,19575,484,209.36,website_pixel,15.9,1017.77,USD
2026-08-25,Volt & Co,23874120558831044,VC | Retargeting | US,US,19575,484,209.36,conversions_api,19.24,1168.64,USD
2026-08-26,Nordkraft EU,23861094778210411,NK | ABO | Prospecting EU,DE,53284,686,233.51,website_pixel,7.53,545.07,USD
2026-08-26,Nordkraft EU,23861094778210411,NK | ABO | Prospecting EU,DE,53284,686,233.51,conversions_api,8.92,524.99,USD
2026-08-26,Nordkraft EU,23861094778210411,NK | ABO | Prospecting EU,NL,19504,243,66.09,website_pixel,1.25,98.07,USD
2026-08-26,Nordkraft EU,23861094778210411,NK | ABO | Prospecting EU,NL,19504,243,66.09,conversions_api,1.49,103.25,USD
2026-08-26,Nordkraft EU,23861094778210633,NK | Retargeting | DPA,DE,11566,286,120.97,website_pixel,10.02,847.92,USD
2026-08-26,Nordkraft EU,23861094778210633,NK | Retargeting | DPA,DE,11566,286,120.97,conversions_api,12.73,1041.56,USD
2026-08-26,Aurelia Home,23862331905540102,AH | Advantage+ Shopping,UK,74895,1082,305.51,website_pixel,10.41,809.08,USD
2026-08-26,Aurelia Home,23862331905540102,AH | Advantage+ Shopping,UK,74895,1082,305.51,conversions_api,12.01,969.69,USD
2026-08-26,Aurelia Home,23862331905540188,AH | Retargeting | UK,UK,9031,273,100.95,website_pixel,11.31,1235.68,USD
2026-08-26,Aurelia Home,23862331905540188,AH | Retargeting | UK,UK,9031,273,100.95,conversions_api,12.95,1158.39,USD
2026-08-26,Volt & Co,23874120558830977,VC | Prospecting | US,US,82913,997,383.71,website_pixel,6.74,434.99,USD
2026-08-26,Volt & Co,23874120558830977,VC | Prospecting | US,US,82913,997,383.71,conversions_api,9.14,502.2,USD
2026-08-26,Volt & Co,23874120558831044,VC | Retargeting | US,US,14284,463,198.77,website_pixel,15.47,1045.49,USD
2026-08-26,Volt & Co,23874120558831044,VC | Retargeting | US,US,14284,463,198.77,conversions_api,18.74,1075.51,USD
2026-08-27,Nordkraft EU,23861094778210411,NK | ABO | Prospecting EU,DE,53356,708,250.58,website_pixel,5.65,502.98,USD
2026-08-27,Nordkraft EU,23861094778210411,NK | ABO | Prospecting EU,DE,53356,708,250.58,conversions_api,6.47,473.95,USD
2026-08-27,Nordkraft EU,23861094778210411,NK | ABO | Prospecting EU,NL,21045,243,79.59,website_pixel,1.58,92.26,USD
2026-08-27,Nordkraft EU,23861094778210411,NK | ABO | Prospecting EU,NL,21045,243,79.59,conversions_api,1.9,115.58,USD
2026-08-27,Nordkraft EU,23861094778210633,NK | Retargeting | DPA,DE,11344,328,151.13,website_pixel,11.69,823.76,USD
2026-08-27,Nordkraft EU,23861094778210633,NK | Retargeting | DPA,DE,11344,328,151.13,conversions_api,14.39,1243.99,USD
2026-08-27,Aurelia Home,23862331905540102,AH | Advantage+ Shopping,UK,74977,1037,271.32,website_pixel,10.02,989.22,USD
2026-08-27,Aurelia Home,23862331905540102,AH | Advantage+ Shopping,UK,74977,1037,271.32,conversions_api,12.36,1441.06,USD
2026-08-27,Aurelia Home,23862331905540188,AH | Retargeting | UK,UK,10065,288,106.66,website_pixel,9.82,1029.82,USD
2026-08-27,Aurelia Home,23862331905540188,AH | Retargeting | UK,UK,10065,288,106.66,conversions_api,12.3,1340.14,USD
2026-08-27,Volt & Co,23874120558830977,VC | Prospecting | US,US,78159,978,355.75,website_pixel,6.95,324.86,USD
2026-08-27,Volt & Co,23874120558830977,VC | Prospecting | US,US,78159,978,355.75,conversions_api,8.44,521.92,USD
2026-08-27,Volt & Co,23874120558831044,VC | Retargeting | US,US,16096,473,220.99,website_pixel,17.14,1021.22,USD
2026-08-27,Volt & Co,23874120558831044,VC | Retargeting | US,US,16096,473,220.99,conversions_api,20.71,1168.86,USD
2026-08-28,Nordkraft EU,23861094778210411,NK | ABO | Prospecting EU,DE,55115,685,226.66,website_pixel,4.4,306.02,USD
2026-08-28,Nordkraft EU,23861094778210411,NK | ABO | Prospecting EU,DE,55115,685,226.66,conversions_api,5.21,299.98,USD
2026-08-28,Nordkraft EU,23861094778210411,NK | ABO | Prospecting EU,NL,21975,270,95.34,website_pixel,1.79,109.81,USD
2026-08-28,Nordkraft EU,23861094778210411,NK | ABO | Prospecting EU,NL,21975,270,95.34,conversions_api,2.18,153.56,USD
2026-08-28,Nordkraft EU,23861094778210633,NK | Retargeting | DPA,DE,12318,334,135.26,website_pixel,8.83,619.36,USD
2026-08-28,Nordkraft EU,23861094778210633,NK | Retargeting | DPA,DE,12318,334,135.26,conversions_api,10.17,770.24,USD
2026-08-28,Aurelia Home,23862331905540102,AH | Advantage+ Shopping,UK,56333,741,196.15,website_pixel,6.57,713.97,USD
2026-08-28,Aurelia Home,23862331905540102,AH | Advantage+ Shopping,UK,56333,741,196.15,conversions_api,7.7,785.1,USD
2026-08-28,Aurelia Home,23862331905540188,AH | Retargeting | UK,UK,10902,371,138.89,website_pixel,14.62,1586.5,USD
2026-08-28,Aurelia Home,23862331905540188,AH | Retargeting | UK,UK,10902,371,138.89,conversions_api,16.8,1753.18,USD
2026-08-28,Volt & Co,23874120558830977,VC | Prospecting | US,US,68089,819,313.26,website_pixel,6.66,385.69,USD
2026-08-28,Volt & Co,23874120558830977,VC | Prospecting | US,US,68089,819,313.26,conversions_api,7.94,467.18,USD
2026-08-28,Volt & Co,23874120558831044,VC | Retargeting | US,US,17358,535,218.31,website_pixel,18.6,900.9,USD
2026-08-28,Volt & Co,23874120558831044,VC | Retargeting | US,US,17358,535,218.31,conversions_api,22.63,1274.81,USD
2026-08-29,Nordkraft EU,23861094778210411,NK | ABO | Prospecting EU,DE,51892,651,252.6,website_pixel,5.6,404.66,USD
2026-08-29,Nordkraft EU,23861094778210411,NK | ABO | Prospecting EU,DE,51892,651,252.6,conversions_api,6.13,436.21,USD
2026-08-29,Nordkraft EU,23861094778210411,NK | ABO | Prospecting EU,NL,15405,191,55.29,website_pixel,1.31,100.86,USD
2026-08-29,Nordkraft EU,23861094778210411,NK | ABO | Prospecting EU,NL,15405,191,55.29,conversions_api,1.49,114.45,USD
2026-08-29,Nordkraft EU,23861094778210633,NK | Retargeting | DPA,DE,9966,288,117.59,website_pixel,11.53,908.54,USD
2026-08-29,Nordkraft EU,23861094778210633,NK | Retargeting | DPA,DE,9966,288,117.59,conversions_api,13.01,1184.03,USD
2026-08-29,Aurelia Home,23862331905540102,AH | Advantage+ Shopping,UK,63240,856,244.53,website_pixel,9.79,1040.44,USD
2026-08-29,Aurelia Home,23862331905540102,AH | Advantage+ Shopping,UK,63240,856,244.53,conversions_api,10.88,1036.25,USD
2026-08-29,Aurelia Home,23862331905540188,AH | Retargeting | UK,UK,8290,264,106.18,website_pixel,10.83,1066.8,USD
2026-08-29,Aurelia Home,23862331905540188,AH | Retargeting | UK,UK,8290,264,106.18,conversions_api,12.69,1202.84,USD
2026-08-29,Volt & Co,23874120558830977,VC | Prospecting | US,US,68580,894,390.59,website_pixel,6.41,304.48,USD
2026-08-29,Volt & Co,23874120558830977,VC | Prospecting | US,US,68580,894,390.59,conversions_api,7.62,424.64,USD
2026-08-29,Volt & Co,23874120558831044,VC | Retargeting | US,US,15196,483,215.55,website_pixel,17.26,1053.94,USD
2026-08-29,Volt & Co,23874120558831044,VC | Retargeting | US,US,15196,483,215.55,conversions_api,20.66,1235.9,USD
2026-08-30,Nordkraft EU,23861094778210411,NK | ABO | Prospecting EU,DE,45657,559,196.07,website_pixel,4.12,342.46,USD
2026-08-30,Nordkraft EU,23861094778210411,NK | ABO | Prospecting EU,DE,45657,559,196.07,conversions_api,4.95,446.71,USD
2026-08-30,Nordkraft EU,23861094778210411,NK | ABO | Prospecting EU,NL,15579,160,44.78,website_pixel,1.16,84.77,USD
2026-08-30,Nordkraft EU,23861094778210411,NK | ABO | Prospecting EU,NL,15579,160,44.78,conversions_api,1.34,94.05,USD
2026-08-30,Nordkraft EU,23861094778210633,NK | Retargeting | DPA,DE,11001,301,121.3,website_pixel,9.75,654.95,USD
2026-08-30,Nordkraft EU,23861094778210633,NK | Retargeting | DPA,DE,11001,301,121.3,conversions_api,12.31,830.63,USD
2026-08-30,Aurelia Home,23862331905540102,AH | Advantage+ Shopping,UK,62499,879,247.48,website_pixel,5.53,560.19,USD
2026-08-30,Aurelia Home,23862331905540102,AH | Advantage+ Shopping,UK,62499,879,247.48,conversions_api,6.96,477.47,USD
2026-08-30,Aurelia Home,23862331905540188,AH | Retargeting | UK,UK,9652,251,95.69,website_pixel,8.8,1139.07,USD
2026-08-30,Aurelia Home,23862331905540188,AH | Retargeting | UK,UK,9652,251,95.69,conversions_api,10.1,764.8,USD
2026-08-30,Volt & Co,23874120558830977,VC | Prospecting | US,US,75290,831,333.77,website_pixel,6.01,284.03,USD
2026-08-30,Volt & Co,23874120558830977,VC | Prospecting | US,US,75290,831,333.77,conversions_api,7.12,399.14,USD
2026-08-30,Volt & Co,23874120558831044,VC | Retargeting | US,US,11124,344,147.02,website_pixel,9.94,572.64,USD
2026-08-30,Volt & Co,23874120558831044,VC | Retargeting | US,US,11124,344,147.02,conversions_api,11.19,772.83,USD
2026-08-31,Nordkraft EU,23861094778210411,NK | ABO | Prospecting EU,DE,59937,679,229.49,website_pixel,5.62,416.48,USD
2026-08-31,Nordkraft EU,23861094778210411,NK | ABO | Prospecting EU,DE,59937,679,229.49,conversions_api,6.35,458.8,USD
2026-08-31,Nordkraft EU,23861094778210411,NK | ABO | Prospecting EU,NL,20455,232,75.96,website_pixel,1.63,106.12,USD
2026-08-31,Nordkraft EU,23861094778210411,NK | ABO | Prospecting EU,NL,20455,232,75.96,conversions_api,1.97,128.4,USD
2026-08-31,Nordkraft EU,23861094778210633,NK | Retargeting | DPA,DE,10241,279,126.39,website_pixel,9.59,548.18,USD
2026-08-31,Nordkraft EU,23861094778210633,NK | Retargeting | DPA,DE,10241,279,126.39,conversions_api,11.13,893.95,USD
2026-08-31,Aurelia Home,23862331905540102,AH | Advantage+ Shopping,UK,65957,875,239.24,website_pixel,6.61,685.86,USD
2026-08-31,Aurelia Home,23862331905540102,AH | Advantage+ Shopping,UK,65957,875,239.24,conversions_api,8.51,828.1,USD
2026-08-31,Aurelia Home,23862331905540188,AH | Retargeting | UK,UK,9565,269,86.88,website_pixel,11.19,1118.9,USD
2026-08-31,Aurelia Home,23862331905540188,AH | Retargeting | UK,UK,9565,269,86.88,conversions_api,12.6,1064.06,USD
2026-08-31,Volt & Co,23874120558830977,VC | Prospecting | US,US,83476,1072,443.37,website_pixel,7.64,418.94,USD
2026-08-31,Volt & Co,23874120558830977,VC | Prospecting | US,US,83476,1072,443.37,conversions_api,10.18,476.24,USD
2026-08-31,Volt & Co,23874120558831044,VC | Retargeting | US,US,13001,360,162.96,website_pixel,9.71,606.17,USD
2026-08-31,Volt & Co,23874120558831044,VC | Retargeting | US,US,13001,360,162.96,conversions_api,11.27,656.73,USD
2026-09-01,Nordkraft EU,23861094778210411,NK | ABO | Prospecting EU,DE,47874,534,194.6,website_pixel,3.44,240.21,USD
2026-09-01,Nordkraft EU,23861094778210411,NK | ABO | Prospecting EU,DE,47874,534,194.6,conversions_api,3.95,277.76,USD
2026-09-01,Nordkraft EU,23861094778210411,NK | ABO | Prospecting EU,NL,17013,192,60.07,website_pixel,1.15,80.06,USD
2026-09-01,Nordkraft EU,23861094778210411,NK | ABO | Prospecting EU,NL,17013,192,60.07,conversions_api,1.35,87.15,USD
2026-09-01,Nordkraft EU,23861094778210633,NK | Retargeting | DPA,DE,13269,317,133.12,website_pixel,13.9,1097.58,USD
2026-09-01,Nordkraft EU,23861094778210633,NK | Retargeting | DPA,DE,13269,317,133.12,conversions_api,15.73,1159.41,USD
2026-09-01,Aurelia Home,23862331905540102,AH | Advantage+ Shopping,UK,62555,842,235.99,website_pixel,6.76,779.19,USD
2026-09-01,Aurelia Home,23862331905540102,AH | Advantage+ Shopping,UK,62555,842,235.99,conversions_api,7.84,740.19,USD
2026-09-01,Aurelia Home,23862331905540188,AH | Retargeting | UK,UK,8456,230,87.3,website_pixel,9.0,834.93,USD
2026-09-01,Aurelia Home,23862331905540188,AH | Retargeting | UK,UK,8456,230,87.3,conversions_api,10.38,1101.73,USD
2026-09-01,Volt & Co,23874120558830977,VC | Prospecting | US,US,80172,974,369.2,website_pixel,6.51,335.26,USD
2026-09-01,Volt & Co,23874120558830977,VC | Prospecting | US,US,80172,974,369.2,conversions_api,7.24,400.74,USD
2026-09-01,Volt & Co,23874120558831044,VC | Retargeting | US,US,14525,374,161.87,website_pixel,14.03,742.9,USD
2026-09-01,Volt & Co,23874120558831044,VC | Retargeting | US,US,14525,374,161.87,conversions_api,17.02,1002.51,USD
2026-09-02,Nordkraft EU,23861094778210411,NK | ABO | Prospecting EU,DE,55921,766,266.89,website_pixel,4.15,260.68,USD
2026-09-02,Nordkraft EU,23861094778210411,NK | ABO | Prospecting EU,DE,55921,766,266.89,conversions_api,4.81,308.61,USD
2026-09-02,Nordkraft EU,23861094778210411,NK | ABO | Prospecting EU,NL,18482,188,59.54,website_pixel,0.88,44.98,USD
2026-09-02,Nordkraft EU,23861094778210411,NK | ABO | Prospecting EU,NL,18482,188,59.54,conversions_api,1.04,86.51,USD
2026-09-02,Nordkraft EU,23861094778210633,NK | Retargeting | DPA,DE,10953,370,136.31,website_pixel,6.62,521.34,USD
2026-09-02,Nordkraft EU,23861094778210633,NK | Retargeting | DPA,DE,10953,370,136.31,conversions_api,8.55,578.24,USD
2026-09-02,Aurelia Home,23862331905540102,AH | Advantage+ Shopping,UK,59417,730,207.83,website_pixel,4.67,413.23,USD
2026-09-02,Aurelia Home,23862331905540102,AH | Advantage+ Shopping,UK,59417,730,207.83,conversions_api,5.23,507.72,USD
2026-09-02,Aurelia Home,23862331905540188,AH | Retargeting | UK,UK,8530,253,87.77,website_pixel,6.69,720.6,USD
2026-09-02,Aurelia Home,23862331905540188,AH | Retargeting | UK,UK,8530,253,87.77,conversions_api,7.69,690.1,USD
2026-09-02,Volt & Co,23874120558830977,VC | Prospecting | US,US,90702,1166,444.41,website_pixel,4.83,294.92,USD
2026-09-02,Volt & Co,23874120558830977,VC | Prospecting | US,US,90702,1166,444.41,conversions_api,5.87,314.62,USD
2026-09-02,Volt & Co,23874120558831044,VC | Retargeting | US,US,15759,434,223.66,website_pixel,10.42,587.82,USD
2026-09-02,Volt & Co,23874120558831044,VC | Retargeting | US,US,15759,434,223.66,conversions_api,12.73,722.52,USD
2026-09-03,Nordkraft EU,23861094778210411,NK | ABO | Prospecting EU,DE,53950,616,215.87,website_pixel,1.67,105.19,USD
2026-09-03,Nordkraft EU,23861094778210411,NK | ABO | Prospecting EU,DE,53950,616,215.87,conversions_api,2.09,141.22,USD
2026-09-03,Nordkraft EU,23861094778210411,NK | ABO | Prospecting EU,NL,20008,265,85.07,website_pixel,0.65,43.57,USD
2026-09-03,Nordkraft EU,23861094778210411,NK | ABO | Prospecting EU,NL,20008,265,85.07,conversions_api,0.78,46.01,USD
2026-09-03,Nordkraft EU,23861094778210633,NK | Retargeting | DPA,DE,13215,398,177.87,website_pixel,4.11,317.67,USD
2026-09-03,Nordkraft EU,23861094778210633,NK | Retargeting | DPA,DE,13215,398,177.87,conversions_api,4.92,407.27,USD
2026-09-03,Aurelia Home,23862331905540102,AH | Advantage+ Shopping,UK,56565,827,222.97,website_pixel,1.79,167.73,USD
2026-09-03,Aurelia Home,23862331905540102,AH | Advantage+ Shopping,UK,56565,827,222.97,conversions_api,2.3,250.13,USD
2026-09-03,Aurelia Home,23862331905540188,AH | Retargeting | UK,UK,11790,370,151.49,website_pixel,4.51,422.04,USD
2026-09-03,Aurelia Home,23862331905540188,AH | Retargeting | UK,UK,11790,370,151.49,conversions_api,5.19,482.45,USD
2026-09-03,Volt & Co,23874120558830977,VC | Prospecting | US,US,75758,816,346.91,website_pixel,1.66,76.13,USD
2026-09-03,Volt & Co,23874120558830977,VC | Prospecting | US,US,75758,816,346.91,conversions_api,2.04,103.91,USD
2026-09-03,Volt & Co,23874120558831044,VC | Retargeting | US,US,18491,607,236.03,website_pixel,5.78,368.37,USD
2026-09-03,Volt & Co,23874120558831044,VC | Retargeting | US,US,18491,607,236.03,conversions_api,7.14,425.99,USD
